{"v":"4.10.1","fr":30,"ip":0,"op":170,"w":430,"h":660,"nm":"bonecoDoNemo3","ddd":0,"assets":[],"layers":[{"ddd":0,"ind":1,"ty":4,"nm":"chapeu_eng","sr":1,"ks":{"o":{"a":0,"k":100,"ix":11},"r":{"a":1,"k":[{"i":{"x":[0.667],"y":[1]},"o":{"x":[0.167],"y":[0.167]},"n":["0p667_1_0p167_0p167"],"t":94,"s":[-43.025],"e":[-1.968]},{"i":{"x":[0.667],"y":[1]},"o":{"x":[0.167],"y":[0.167]},"n":["0p667_1_0p167_0p167"],"t":104,"s":[-1.968],"e":[1.358]},{"i":{"x":[0.667],"y":[1]},"o":{"x":[0.167],"y":[0.167]},"n":["0p667_1_0p167_0p167"],"t":111,"s":[1.358],"e":[-1.014]},{"i":{"x":[0.667],"y":[1]},"o":{"x":[0.167],"y":[0.167]},"n":["0p667_1_0p167_0p167"],"t":116,"s":[-1.014],"e":[0]},{"i":{"x":[0.667],"y":[1]},"o":{"x":[0.167],"y":[0]},"n":["0p667_1_0p167_0"],"t":121,"s":[0],"e":[0]},{"t":161}],"ix":10},"p":{"a":1,"k":[{"i":{"x":0.667,"y":1},"o":{"x":0.167,"y":0.167},"n":"0p667_1_0p167_0p167","t":94,"s":[80.005,177.745,0],"e":[211.005,283.745,0],"to":[84.3333358764648,-16.5833339691162,0],"ti":[-13.1683731079102,-29.0713195800781,0]},{"i":{"x":0.667,"y":1},"o":{"x":0.167,"y":0.167},"n":"0p667_1_0p167_0p167","t":104,"s":[211.005,283.745,0],"e":[214.005,261.745,0],"to":[1.46544885635376,3.23521590232849,0],"ti":[-0.33333334326744,1.83333337306976,0]},{"i":{"x":0.667,"y":1},"o":{"x":0.167,"y":0.167},"n":"0p667_1_0p167_0p167","t":111,"s":[214.005,261.745,0],"e":[213.005,272.745,0],"to":[0.33333334326744,-1.83333337306976,0],"ti":[0,-1.33333337306976,0]},{"i":{"x":0.667,"y":1},"o":{"x":0.167,"y":0.167},"n":"0p667_1_0p167_0p167","t":116,"s":[213.005,272.745,0],"e":[214.005,269.745,0],"to":[0,1.33333337306976,0],"ti":[-0.16666667163372,0.5,0]},{"i":{"x":0.667,"y":0.667},"o":{"x":0.167,"y":0.167},"n":"0p667_0p667_0p167_0p167","t":121,"s":[214.005,269.745,0],"e":[214.005,269.745,0],"to":[0,0,0],"ti":[0,0,0]},{"i":{"x":0.833,"y":0.833},"o":{"x":0.167,"y":0.167},"n":"0p833_0p833_0p167_0p167","t":161,"s":[214.005,269.745,0],"e":[214.005,375.745,0],"to":[0,17.6666660308838,0],"ti":[0,-17.6666660308838,0]},{"t":168}],"ix":2},"a":{"a":0,"k":[122.125,96.125,0],"ix":1},"s":{"a":1,"k":[{"i":{"x":[0.667,0.667,0.667],"y":[1,1,1]},"o":{"x":[0.167,0.167,0.167],"y":[0.167,0.167,0]},"n":["0p667_1_0p167_0p167","0p667_1_0p167_0p167","0p667_1_0p167_0"],"t":94,"s":[7.302,9.652,100],"e":[79.37,72.031,100]},{"i":{"x":[0.667,0.667,0.667],"y":[1,1,1]},"o":{"x":[0.167,0.167,0.167],"y":[0,0.167,0]},"n":["0p667_1_0p167_0","0p667_1_0p167_0p167","0p667_1_0p167_0"],"t":104,"s":[79.37,72.031,100],"e":[79.37,82.514,100]},{"i":{"x":[0.667,0.667,0.667],"y":[1,1,1]},"o":{"x":[0.167,0.167,0.167],"y":[0,0.167,0]},"n":["0p667_1_0p167_0","0p667_1_0p167_0p167","0p667_1_0p167_0"],"t":111,"s":[79.37,82.514,100],"e":[79.37,76.224,100]},{"i":{"x":[0.667,0.667,0.667],"y":[1,1,1]},"o":{"x":[0.167,0.167,0.167],"y":[0,0.167,0]},"n":["0p667_1_0p167_0","0p667_1_0p167_0p167","0p667_1_0p167_0"],"t":116,"s":[79.37,76.224,100],"e":[79.37,79.37,100]},{"i":{"x":[0.667,0.667,0.667],"y":[1,1,1]},"o":{"x":[0.167,0.167,0.167],"y":[0,0,0]},"n":["0p667_1_0p167_0","0p667_1_0p167_0","0p667_1_0p167_0"],"t":121,"s":[79.37,79.37,100],"e":[79.37,79.37,100]},{"i":{"x":[0.833,0.833,0.833],"y":[0.833,0.833,0.833]},"o":{"x":[0.167,0.167,0.167],"y":[0.167,0.167,0.167]},"n":["0p833_0p833_0p167_0p167","0p833_0p833_0p167_0p167","0p833_0p833_0p167_0p167"],"t":161,"s":[79.37,79.37,100],"e":[2.835,2.835,100]},{"t":168}],"ix":6}},"ao":0,"shapes":[{"ty":"gr","it":[{"ind":0,"ty":"sh","ix":1,"ks":{"a":0,"k":{"i":[[0,0],[0,-12],[13.25,-4.25],[0.75,0],[0,0],[1,8.25],[0,0.5],[0,0],[0,0.75],[-7.25,1.25],[0,0]],"o":[[16.25,1.75],[0,10],[-1.5,0.5],[0,0],[-11.25,0],[0,-0.75],[0,0],[0.25,-0.75],[1,-7.75],[0,0],[0,0]],"v":[[93.375,-25.625],[117.875,-0.125],[98.875,24.625],[93.625,25.625],[-93.875,25.625],[-117.375,6.125],[-117.875,3.375],[-117.875,-3.375],[-117.375,-6.125],[-98.875,-24.875],[-93.625,-25.625]],"c":true},"ix":2},"nm":"Caminho 1","mn":"ADBE Vector Shape - Group","hd":false},{"ind":1,"ty":"sh","ix":2,"ks":{"a":0,"k":{"i":[[10.5,0.75],[0,0],[0,-7.5],[-10.75,-2.25],[0,0],[-1,0.25],[0,6]],"o":[[0,0],[-10.5,0.75],[0,7.5],[0,0],[0.75,0],[7.75,-2.75],[0,-7.5]],"v":[[93.625,-17.375],[-93.875,-17.375],[-109.875,-0.125],[-94.375,17.375],[94.125,17.375],[97.875,16.375],[109.875,-0.125]],"c":true},"ix":2},"nm":"Caminho 2","mn":"ADBE Vector Shape - Group","hd":false},{"ty":"mm","mm":1,"nm":"Mesclar caminhos 1","mn":"ADBE Vector Filter - Merge","hd":false},{"ty":"fl","c":{"a":0,"k":[1,1,1,1],"ix":4},"o":{"a":0,"k":100,"ix":5},"r":1,"nm":"Preenchimento 1","mn":"ADBE Vector Graphic - Fill","hd":false},{"ty":"tr","p":{"a":0,"k":[122.125,162.375],"ix":2},"a":{"a":0,"k":[0,0],"ix":1},"s":{"a":0,"k":[100,100],"ix":3},"r":{"a":0,"k":0,"ix":6},"o":{"a":0,"k":100,"ix":7},"sk":{"a":0,"k":0,"ix":4},"sa":{"a":0,"k":0,"ix":5},"nm":"Transformar"}],"nm":"Grupo 2","np":4,"cix":2,"ix":1,"mn":"ADBE Vector Group","hd":false},{"ty":"gr","it":[{"ind":0,"ty":"sh","ix":1,"ks":{"a":0,"k":{"i":[[0,11.93],[-11.93,0],[0,0],[0,-11.93],[11.93,0],[0,0]],"o":[[0,-11.93],[0,0],[11.93,0],[0,11.93],[0,0],[-11.93,0]],"v":[[-114,0],[-92.4,-21.6],[92.4,-21.6],[114,0],[92.4,21.6],[-92.4,21.6]],"c":true},"ix":2},"nm":"Caminho 1","mn":"ADBE Vector Shape - Group","hd":false},{"ty":"fl","c":{"a":0,"k":[0.015686275437,0.243137255311,0.423529416323,1],"ix":4},"o":{"a":0,"k":100,"ix":5},"r":1,"nm":"Preenchimento 1","mn":"ADBE Vector Graphic - Fill","hd":false},{"ty":"tr","p":{"a":0,"k":[122.12,162.38],"ix":2},"a":{"a":0,"k":[0,0],"ix":1},"s":{"a":0,"k":[100,100],"ix":3},"r":{"a":0,"k":0,"ix":6},"o":{"a":0,"k":100,"ix":7},"sk":{"a":0,"k":0,"ix":4},"sa":{"a":0,"k":0,"ix":5},"nm":"Transformar"}],"nm":"Grupo 3","np":2,"cix":2,"ix":2,"mn":"ADBE Vector Group","hd":false},{"ty":"gr","it":[{"ind":0,"ty":"sh","ix":1,"ks":{"a":0,"k":{"i":[[0,0],[-1,0],[-1.5,-0.25],[0,-7.5],[0,0],[10.75,0],[0,0],[0,11],[0,0],[0,1],[-9,-0.5]],"o":[[1.25,0.25],[1.25,0.25],[10,2.75],[0,0],[-1,13.5],[0,0],[-13.25,-0.5],[0,0],[0.25,-1.25],[1.5,-12.5],[0,0]],"v":[[22.875,-50.375],[26.125,-50.125],[30.375,-49.125],[48.375,-26.625],[48.375,26.875],[23.125,50.875],[-23.375,50.875],[-48.375,26.125],[-48.375,-25.625],[-47.875,-29.375],[-23.125,-50.375]],"c":true},"ix":2},"nm":"Caminho 1","mn":"ADBE Vector Shape - Group","hd":false},{"ind":1,"ty":"sh","ix":2,"ks":{"a":0,"k":{"i":[[8,-0.5],[0,0],[0.75,0],[0,-6.25],[0,0],[-7.25,-1.25],[-0.75,-0.25],[0,0],[-0.75,7.75],[0,0]],"o":[[0,0],[-0.75,0.25],[-6.75,0.5],[0,0],[0,5.5],[0.75,0],[0,0],[6.75,0],[0,0],[0,-6]],"v":[[23.125,-42.125],[-23.375,-42.125],[-25.625,-41.875],[-40.125,-25.875],[-40.125,26.375],[-26.625,41.875],[-23.875,42.625],[23.625,42.625],[40.125,26.875],[40.125,-26.625]],"c":true},"ix":2},"nm":"Caminho 2","mn":"ADBE Vector Shape - Group","hd":false},{"ty":"mm","mm":1,"nm":"Mesclar caminhos 1","mn":"ADBE Vector Filter - Merge","hd":false},{"ty":"fl","c":{"a":0,"k":[1,1,1,1],"ix":4},"o":{"a":0,"k":100,"ix":5},"r":1,"nm":"Preenchimento 1","mn":"ADBE Vector Graphic - Fill","hd":false},{"ty":"tr","p":{"a":0,"k":[122.125,127.105],"ix":2},"a":{"a":0,"k":[0,0],"ix":1},"s":{"a":0,"k":[100,100],"ix":3},"r":{"a":0,"k":0,"ix":6},"o":{"a":0,"k":100,"ix":7},"sk":{"a":0,"k":0,"ix":4},"sa":{"a":0,"k":0,"ix":5},"nm":"Transformar"}],"nm":"Grupo 4","np":4,"cix":2,"ix":3,"mn":"ADBE Vector Group","hd":false},{"ty":"gr","it":[{"ind":0,"ty":"sh","ix":1,"ks":{"a":0,"k":{"i":[[0,0],[-12.43,0],[0,0],[0,-12.43],[0,0],[12.43,0],[0,0],[0,12.43]],"o":[[0,-12.43],[0,0],[12.43,0],[0,0],[0,12.43],[0,0],[-12.43,0],[0,0]],"v":[[-44.4,-24.1],[-21.9,-46.6],[21.9,-46.6],[44.4,-24.1],[44.4,24.1],[21.9,46.6],[-21.9,46.6],[-44.4,24.1]],"c":true},"ix":2},"nm":"Caminho 1","mn":"ADBE Vector Shape - Group","hd":false},{"ty":"fl","c":{"a":0,"k":[0.015686275437,0.243137255311,0.423529416323,1],"ix":4},"o":{"a":0,"k":100,"ix":5},"r":1,"nm":"Preenchimento 1","mn":"ADBE Vector Graphic - Fill","hd":false},{"ty":"tr","p":{"a":0,"k":[122.32,127.38],"ix":2},"a":{"a":0,"k":[0,0],"ix":1},"s":{"a":0,"k":[100,100],"ix":3},"r":{"a":0,"k":0,"ix":6},"o":{"a":0,"k":100,"ix":7},"sk":{"a":0,"k":0,"ix":4},"sa":{"a":0,"k":0,"ix":5},"nm":"Transformar"}],"nm":"Grupo 5","np":2,"cix":2,"ix":4,"mn":"ADBE Vector Group","hd":false},{"ty":"gr","it":[{"ind":0,"ty":"sh","ix":1,"ks":{"a":0,"k":{"i":[[0,0],[0,-10.25],[0,0],[0.25,-1.75],[6.25,-0.25],[0.75,0],[0,0],[0.75,7.25],[0,0.5],[0,0],[-0.5,1.75],[-8.75,-0.5]],"o":[[14.5,0.25],[0,0],[-0.25,1.75],[-1.25,9.5],[-0.75,0],[0,0],[-10.5,-0.5],[0,-1.5],[0,0],[0.25,-2],[2.75,-10],[0,0]],"v":[[27.875,-39.5],[53.375,-15],[53.375,15.25],[52.375,20.25],[31.875,39.5],[29.875,40],[-30.125,40],[-52.625,20.5],[-53.375,16.25],[-53.375,-15.5],[-52.125,-21.5],[-28.125,-39.5]],"c":true},"ix":2},"nm":"Caminho 1","mn":"ADBE Vector Shape - Group","hd":false},{"ind":1,"ty":"sh","ix":2,"ks":{"a":0,"k":{"i":[[6.75,0],[0,0],[0.5,-8.75],[0,0],[-5.25,-1],[-1,-0.25],[-0.75,-0.25],[0,0],[-1,9.25],[0,0],[0,0.5]],"o":[[0,0],[-6.5,-0.25],[0,0],[0,4.25],[1.25,0.25],[0.75,0],[0,0],[8,0],[0,0],[0,-0.75],[-1,-7.25]],"v":[[28.125,-31.25],[-28.375,-31.25],[-45.125,-15.5],[-45.125,16.25],[-33.625,30.5],[-30.125,31.5],[-27.625,32],[27.375,32],[45.125,15.5],[45.125,-15.25],[44.625,-16.75]],"c":true},"ix":2},"nm":"Caminho 2","mn":"ADBE Vector Shape - Group","hd":false},{"ty":"mm","mm":1,"nm":"Mesclar caminhos 1","mn":"ADBE Vector Filter - Merge","hd":false},{"ty":"fl","c":{"a":0,"k":[1,1,1,1],"ix":4},"o":{"a":0,"k":100,"ix":5},"r":1,"nm":"Preenchimento 1","mn":"ADBE Vector Graphic - Fill","hd":false},{"ty":"tr","p":{"a":0,"k":[97.125,143.6],"ix":2},"a":{"a":0,"k":[0,0],"ix":1},"s":{"a":0,"k":[100,100],"ix":3},"r":{"a":0,"k":0,"ix":6},"o":{"a":0,"k":100,"ix":7},"sk":{"a":0,"k":0,"ix":4},"sa":{"a":0,"k":0,"ix":5},"nm":"Transformar"}],"nm":"Grupo 6","np":4,"cix":2,"ix":5,"mn":"ADBE Vector Group","hd":false},{"ty":"gr","it":[{"ind":0,"ty":"sh","ix":1,"ks":{"a":0,"k":{"i":[[0,0],[-12.43,0],[0,0],[0,-12.43],[0,0],[12.43,0],[0,0],[0,12.43]],"o":[[0,-12.43],[0,0],[12.43,0],[0,0],[0,12.43],[0,0],[-12.43,0],[0,0]],"v":[[-49.4,-13.3],[-26.9,-35.8],[26.9,-35.8],[49.4,-13.3],[49.4,13.3],[26.9,35.8],[-26.9,35.8],[-49.4,13.3]],"c":true},"ix":2},"nm":"Caminho 1","mn":"ADBE Vector Shape - Group","hd":false},{"ty":"fl","c":{"a":0,"k":[0.015686275437,0.243137255311,0.423529416323,1],"ix":4},"o":{"a":0,"k":100,"ix":5},"r":1,"nm":"Preenchimento 1","mn":"ADBE Vector Graphic - Fill","hd":false},{"ty":"tr","p":{"a":0,"k":[97.02,144.18],"ix":2},"a":{"a":0,"k":[0,0],"ix":1},"s":{"a":0,"k":[100,100],"ix":3},"r":{"a":0,"k":0,"ix":6},"o":{"a":0,"k":100,"ix":7},"sk":{"a":0,"k":0,"ix":4},"sa":{"a":0,"k":0,"ix":5},"nm":"Transformar"}],"nm":"Grupo 7","np":2,"cix":2,"ix":6,"mn":"ADBE Vector Group","hd":false},{"ty":"gr","it":[{"ind":0,"ty":"sh","ix":1,"ks":{"a":0,"k":{"i":[[0,0],[0,-10.25],[0,0],[0.25,-1.75],[6.25,-0.25],[0.75,0],[0,0],[0.75,7.25],[0,0.5],[0,0],[-0.5,1.75],[-8.75,-0.5]],"o":[[14.5,0.25],[0,0],[-0.25,1.75],[-1.25,9.5],[-0.75,0],[0,0],[-10.5,-0.5],[0,-1.5],[0,0],[0.25,-2],[2.75,-10],[0,0]],"v":[[27.875,-39.5],[53.375,-15],[53.375,15.25],[52.375,20.25],[31.875,39.5],[29.875,40],[-30.125,40],[-52.625,20.5],[-53.375,16.25],[-53.375,-15.5],[-52.125,-21.5],[-28.125,-39.5]],"c":true},"ix":2},"nm":"Caminho 1","mn":"ADBE Vector Shape - Group","hd":false},{"ind":1,"ty":"sh","ix":2,"ks":{"a":0,"k":{"i":[[6.75,0],[0,0],[0.5,-8.75],[0,0],[-5.25,-1],[-1,-0.25],[-0.75,-0.25],[0,0],[-1,9.25],[0,0],[0,0.5]],"o":[[0,0],[-6.5,-0.25],[0,0],[0,4.25],[1.25,0.25],[0.75,0],[0,0],[7.75,0],[0,0],[0,-0.75],[-1,-7.25]],"v":[[28.125,-31.25],[-28.375,-31.25],[-45.125,-15.5],[-45.125,16.25],[-33.625,30.5],[-30.125,31.5],[-27.625,32],[27.375,32],[45.125,15.5],[45.125,-15.25],[44.625,-16.75]],"c":true},"ix":2},"nm":"Caminho 2","mn":"ADBE Vector Shape - Group","hd":false},{"ty":"mm","mm":1,"nm":"Mesclar caminhos 1","mn":"ADBE Vector Filter - Merge","hd":false},{"ty":"fl","c":{"a":0,"k":[1,1,1,1],"ix":4},"o":{"a":0,"k":100,"ix":5},"r":1,"nm":"Preenchimento 1","mn":"ADBE Vector Graphic - Fill","hd":false},{"ty":"tr","p":{"a":0,"k":[147.125,143.6],"ix":2},"a":{"a":0,"k":[0,0],"ix":1},"s":{"a":0,"k":[100,100],"ix":3},"r":{"a":0,"k":0,"ix":6},"o":{"a":0,"k":100,"ix":7},"sk":{"a":0,"k":0,"ix":4},"sa":{"a":0,"k":0,"ix":5},"nm":"Transformar"}],"nm":"Grupo 8","np":4,"cix":2,"ix":7,"mn":"ADBE Vector Group","hd":false},{"ty":"gr","it":[{"ind":0,"ty":"sh","ix":1,"ks":{"a":0,"k":{"i":[[0,0],[-12.43,0],[0,0],[0,-12.43],[0,0],[12.43,0],[0,0],[0,12.43]],"o":[[0,-12.43],[0,0],[12.43,0],[0,0],[0,12.43],[0,0],[-12.43,0],[0,0]],"v":[[-49.4,-13.3],[-26.9,-35.8],[26.9,-35.8],[49.4,-13.3],[49.4,13.3],[26.9,35.8],[-26.9,35.8],[-49.4,13.3]],"c":true},"ix":2},"nm":"Caminho 1","mn":"ADBE Vector Shape - Group","hd":false},{"ty":"fl","c":{"a":0,"k":[0.015686275437,0.243137255311,0.423529416323,1],"ix":4},"o":{"a":0,"k":100,"ix":5},"r":1,"nm":"Preenchimento 1","mn":"ADBE Vector Graphic - Fill","hd":false},{"ty":"tr","p":{"a":0,"k":[147.02,144.18],"ix":2},"a":{"a":0,"k":[0,0],"ix":1},"s":{"a":0,"k":[100,100],"ix":3},"r":{"a":0,"k":0,"ix":6},"o":{"a":0,"k":100,"ix":7},"sk":{"a":0,"k":0,"ix":4},"sa":{"a":0,"k":0,"ix":5},"nm":"Transformar"}],"nm":"Grupo 9","np":2,"cix":2,"ix":8,"mn":"ADBE Vector Group","hd":false},{"ty":"gr","it":[{"ind":0,"ty":"sh","ix":1,"ks":{"a":0,"k":{"i":[[0,0],[0,-5.75],[0,0],[8.25,0],[2.25,0.25],[0,5],[0,0],[-5.75,-0.25]],"o":[[7,0],[0,0],[-3.25,14],[-0.5,0],[-6.5,-0.75],[0,0],[-0.5,-5.75],[0,0]],"v":[[6.375,-72.25],[19.875,-58.75],[19.875,58.5],[0.125,72.5],[-7.375,72],[-19.375,59],[-19.375,-58.75],[-6.125,-72.25]],"c":true},"ix":2},"nm":"Caminho 1","mn":"ADBE Vector Shape - Group","hd":false},{"ind":1,"ty":"sh","ix":2,"ks":{"a":0,"k":{"i":[[2,0.25],[0.75,0],[1,-6.25],[0,0],[-1.75,-0.25],[-0.5,0],[-1.75,6.5],[0,0]],"o":[[-2,-0.25],[-3.25,0],[0,0],[0,1.5],[2,0.5],[4,0],[0,0],[0,-2.25]],"v":[[6.625,-64],[0.125,-64],[-11.125,-58.75],[-11.125,58.75],[-6.625,63.75],[0.125,64.25],[11.625,58.5],[11.625,-58.5]],"c":true},"ix":2},"nm":"Caminho 2","mn":"ADBE Vector Shape - Group","hd":false},{"ty":"mm","mm":1,"nm":"Mesclar caminhos 1","mn":"ADBE Vector Filter - Merge","hd":false},{"ty":"fl","c":{"a":0,"k":[1,1,1,1],"ix":4},"o":{"a":0,"k":100,"ix":5},"r":1,"nm":"Preenchimento 1","mn":"ADBE Vector Graphic - Fill","hd":false},{"ty":"tr","p":{"a":0,"k":[121.835,77.25],"ix":2},"a":{"a":0,"k":[0,0],"ix":1},"s":{"a":0,"k":[100,100],"ix":3},"r":{"a":0,"k":0,"ix":6},"o":{"a":0,"k":100,"ix":7},"sk":{"a":0,"k":0,"ix":4},"sa":{"a":0,"k":0,"ix":5},"nm":"Transformar"}],"nm":"Grupo 10","np":4,"cix":2,"ix":9,"mn":"ADBE Vector Group","hd":false},{"ty":"gr","it":[{"ind":0,"ty":"sh","ix":1,"ks":{"a":0,"k":{"i":[[0,0],[-5.96,0],[0,0],[0,-5.96],[0,0],[5.96,0],[0,0],[0,5.96]],"o":[[0,-5.96],[0,0],[5.96,0],[0,0],[0,5.96],[0,0],[-5.96,0],[0,0]],"v":[[-15.6,-57.6],[-4.8,-68.4],[4.8,-68.4],[15.6,-57.6],[15.6,57.6],[4.8,68.4],[-4.8,68.4],[-15.6,57.6]],"c":true},"ix":2},"nm":"Caminho 1","mn":"ADBE Vector Shape - Group","hd":false},{"ty":"fl","c":{"a":0,"k":[0.015686275437,0.243137255311,0.423529416323,1],"ix":4},"o":{"a":0,"k":100,"ix":5},"r":1,"nm":"Preenchimento 1","mn":"ADBE Vector Graphic - Fill","hd":false},{"ty":"tr","p":{"a":0,"k":[122.12,77.18],"ix":2},"a":{"a":0,"k":[0,0],"ix":1},"s":{"a":0,"k":[100,100],"ix":3},"r":{"a":0,"k":0,"ix":6},"o":{"a":0,"k":100,"ix":7},"sk":{"a":0,"k":0,"ix":4},"sa":{"a":0,"k":0,"ix":5},"nm":"Transformar"}],"nm":"Grupo 11","np":2,"cix":2,"ix":10,"mn":"ADBE Vector Group","hd":false},{"ty":"gr","it":[{"ind":0,"ty":"sh","ix":1,"ks":{"a":0,"k":{"i":[[-10.5,-44],[0,-5.25],[0,0],[1.5,0],[0,0],[0,1],[0,0],[-2.5,7.5],[-39.25,0]],"o":[[0.75,3],[0,0],[-0.5,0.75],[0,0],[-1.25,-0.5],[0,0],[0.25,-7.75],[16.75,-54],[51.25,0]],"v":[[102.125,9.25],[105.375,30.25],[105.375,66.75],[101.875,70.5],[-102.125,70.5],[-105.375,67.25],[-105.375,29.75],[-101.375,5.5],[-0.125,-70.5]],"c":true},"ix":2},"nm":"Caminho 1","mn":"ADBE Vector Shape - Group","hd":false},{"ind":1,"ty":"sh","ix":2,"ks":{"a":0,"k":{"i":[[1.25,3.25],[34.5,0],[15.25,-50.25],[0.25,-6.5],[0,0],[0,0],[0,0],[0.75,3.25]],"o":[[-17.75,-47.25],[-36.25,0],[-2,6.25],[0,0],[0,0],[0,0],[0,-4.25],[-0.75,-3.5]],"v":[[91.625,2.75],[-0.125,-62.25],[-93.625,8.25],[-97.125,28.75],[-97.125,62.5],[97.125,62.5],[97.125,29.25],[94.625,13.25]],"c":true},"ix":2},"nm":"Caminho 2","mn":"ADBE Vector Shape - Group","hd":false},{"ty":"mm","mm":1,"nm":"Mesclar caminhos 1","mn":"ADBE Vector Filter - Merge","hd":false},{"ty":"fl","c":{"a":0,"k":[1,1,1,1],"ix":4},"o":{"a":0,"k":100,"ix":5},"r":1,"nm":"Preenchimento 1","mn":"ADBE Vector Graphic - Fill","hd":false},{"ty":"tr","p":{"a":0,"k":[122.125,90.88],"ix":2},"a":{"a":0,"k":[0,0],"ix":1},"s":{"a":0,"k":[100,100],"ix":3},"r":{"a":0,"k":0,"ix":6},"o":{"a":0,"k":100,"ix":7},"sk":{"a":0,"k":0,"ix":4},"sa":{"a":0,"k":0,"ix":5},"nm":"Transformar"}],"nm":"Grupo 12","np":4,"cix":2,"ix":11,"mn":"ADBE Vector Group","hd":false},{"ty":"gr","it":[{"ind":0,"ty":"sh","ix":1,"ks":{"a":0,"k":{"i":[[0,-50.7],[0,0],[0,-8.72],[-11.93,0],[0,0],[0,11.93],[7.44,3.41],[0,0],[48.6,7.5],[0,0],[5.96,0],[0,0],[0,-5.96],[0,0]],"o":[[0,0],[-7.44,3.41],[0,11.93],[0,0],[11.93,0],[0,-8.72],[0,0],[0,-50.7],[0,0],[0,-5.96],[0,0],[-5.96,0],[0,0],[-48.6,7.5]],"v":[[-101.4,29.4],[-101.4,46.36],[-114,66],[-92.4,87.6],[92.4,87.6],[114,66],[101.4,46.36],[101.4,29.4],[15.6,-70.8],[15.6,-76.8],[4.8,-87.6],[-4.8,-87.6],[-15.6,-76.8],[-15.6,-70.8]],"c":true},"ix":2},"nm":"Caminho 1","mn":"ADBE Vector Shape - Group","hd":false},{"ty":"fl","c":{"a":0,"k":[0.015686275437,0.243137255311,0.423529416323,1],"ix":4},"o":{"a":0,"k":100,"ix":5},"r":1,"nm":"Preenchimento 1","mn":"ADBE Vector Graphic - Fill","hd":false},{"ty":"tr","p":{"a":0,"k":[122.12,96.38],"ix":2},"a":{"a":0,"k":[0,0],"ix":1},"s":{"a":0,"k":[100,100],"ix":3},"r":{"a":0,"k":0,"ix":6},"o":{"a":0,"k":100,"ix":7},"sk":{"a":0,"k":0,"ix":4},"sa":{"a":0,"k":0,"ix":5},"nm":"Transformar"}],"nm":"Grupo 13","np":2,"cix":2,"ix":12,"mn":"ADBE Vector Group","hd":false},{"ty":"gr","it":[{"ind":0,"ty":"sh","ix":1,"ks":{"a":0,"k":{"i":[[1.25,1.25],[6.75,0],[4.75,-15.5],[0.25,-0.5],[2,-0.75],[3,-1.5],[2.25,-1.25],[4.25,-3],[1.5,-28],[0,0],[0.75,-6.75],[0,0],[-0.25,-2],[-7.5,-0.25],[-1.25,-0.25],[0,0],[-2,0.5],[0,11.25],[10,7.75],[0,0],[0.5,4.25],[30.25,17],[4.5,1.75],[5.25,1.5],[0.75,1.75]],"o":[[-6.75,-8],[-9.75,0],[0,1],[-2.5,0.75],[-3.5,1],[-2.5,1],[-4.75,2.25],[-33.75,23.75],[0,0],[-8.25,5.75],[0,0],[0,0.5],[1.75,8],[1.25,0],[0,0],[0.75,0],[15.25,-4.25],[0,-8],[0,0],[0,-0.75],[-3.5,-24.75],[-5.25,-2.75],[-5.5,-1.75],[-0.25,-2],[-0.5,-1.75]],"v":[[19.625,-87.875],[-0.125,-95.375],[-23.375,-79.875],[-23.875,-77.375],[-31.125,-75.375],[-41.125,-71.875],[-48.875,-68.375],[-62.375,-60.375],[-109.375,24.375],[-109.375,41.875],[-121.875,62.625],[-121.875,70.125],[-120.625,75.625],[-98.375,95.125],[-94.375,95.875],[94.125,95.875],[100.375,94.625],[121.875,66.125],[109.375,41.875],[109.375,24.625],[107.625,10.625],[55.375,-64.875],[39.875,-72.375],[23.625,-77.375],[22.125,-83.375]],"c":true},"ix":2},"nm":"Caminho 1","mn":"ADBE Vector Shape - Group","hd":false},{"ty":"mm","mm":1,"nm":"Mesclar caminhos 1","mn":"ADBE Vector Filter - Merge","hd":false},{"ty":"fl","c":{"a":0,"k":[1,1,1,1],"ix":4},"o":{"a":0,"k":100,"ix":5},"r":1,"nm":"Preenchimento 1","mn":"ADBE Vector Graphic - Fill","hd":false},{"ty":"tr","p":{"a":0,"k":[122.125,96.125],"ix":2},"a":{"a":0,"k":[0,0],"ix":1},"s":{"a":0,"k":[100,100],"ix":3},"r":{"a":0,"k":0,"ix":6},"o":{"a":0,"k":100,"ix":7},"sk":{"a":0,"k":0,"ix":4},"sa":{"a":0,"k":0,"ix":5},"nm":"Transformar"}],"nm":"Grupo 1","np":4,"cix":2,"ix":13,"mn":"ADBE Vector Group","hd":false}],"ip":94,"op":170,"st":94,"bm":0},{"ddd":0,"ind":2,"ty":4,"nm":"cordinha","sr":1,"ks":{"o":{"a":0,"k":100,"ix":11},"r":{"a":1,"k":[{"i":{"x":[0.667],"y":[1]},"o":{"x":[0.167],"y":[0.167]},"n":["0p667_1_0p167_0p167"],"t":25,"s":[-30.14],"e":[-3.537]},{"i":{"x":[0.667],"y":[1]},"o":{"x":[0.167],"y":[0.167]},"n":["0p667_1_0p167_0p167"],"t":35,"s":[-3.537],"e":[2.51]},{"i":{"x":[0.667],"y":[1]},"o":{"x":[0.167],"y":[0.167]},"n":["0p667_1_0p167_0p167"],"t":42,"s":[2.51],"e":[-1.7]},{"i":{"x":[0.667],"y":[1]},"o":{"x":[0.167],"y":[0.167]},"n":["0p667_1_0p167_0p167"],"t":47,"s":[-1.7],"e":[0]},{"i":{"x":[0.667],"y":[1]},"o":{"x":[0.167],"y":[0]},"n":["0p667_1_0p167_0"],"t":52,"s":[0],"e":[0]},{"i":{"x":[0.667],"y":[1]},"o":{"x":[0.167],"y":[0]},"n":["0p667_1_0p167_0"],"t":60,"s":[0],"e":[0]},{"i":{"x":[0.667],"y":[1]},"o":{"x":[0.167],"y":[0]},"n":["0p667_1_0p167_0"],"t":68,"s":[0],"e":[0]},{"i":{"x":[0.667],"y":[1]},"o":{"x":[0.167],"y":[0]},"n":["0p667_1_0p167_0"],"t":77,"s":[0],"e":[0]},{"i":{"x":[0.667],"y":[1]},"o":{"x":[0.167],"y":[0.167]},"n":["0p667_1_0p167_0p167"],"t":85,"s":[0],"e":[-3.537]},{"i":{"x":[0.667],"y":[1]},"o":{"x":[0.167],"y":[0.167]},"n":["0p667_1_0p167_0p167"],"t":89,"s":[-3.537],"e":[76.037]},{"t":97}],"ix":10},"p":{"a":1,"k":[{"i":{"x":0.667,"y":1},"o":{"x":0.167,"y":0.167},"n":"0p667_1_0p167_0p167","t":25,"s":[79.655,190.925,0],"e":[109.155,336.925,0],"to":[36.2083320617676,5.45833349227905,0],"ti":[0.95954161882401,-1.75470173358917,0]},{"i":{"x":0.667,"y":1},"o":{"x":0.167,"y":0.167},"n":"0p667_1_0p167_0p167","t":35,"s":[109.155,336.925,0],"e":[107.582,333.19,0],"to":[-0.1124866232276,0.20570288598537,0],"ti":[0.2858390212059,3.88820362091064,0]},{"i":{"x":0.667,"y":1},"o":{"x":0.167,"y":0.167},"n":"0p667_1_0p167_0p167","t":39,"s":[107.582,333.19,0],"e":[108.155,322.925,0],"to":[-0.23354537785053,-3.1768651008606,0],"ti":[-0.19734115898609,-0.06230518966913,0]},{"i":{"x":0.667,"y":1},"o":{"x":0.167,"y":0.167},"n":"0p667_1_0p167_0p167","t":42,"s":[108.155,322.925,0],"e":[110.905,323.175,0],"to":[0.6407014131546,0.20228433609009,0],"ti":[-0.01553875766695,-0.19944828748703,0]},{"i":{"x":0.667,"y":1},"o":{"x":0.167,"y":0.167},"n":"0p667_1_0p167_0p167","t":47,"s":[110.905,323.175,0],"e":[110.905,327.175,0],"to":[0.05974941700697,0.7669158577919,0],"ti":[0.16666667163372,-1.45833337306976,0]},{"i":{"x":0.667,"y":1},"o":{"x":0.167,"y":0.167},"n":"0p667_1_0p167_0p167","t":52,"s":[110.905,327.175,0],"e":[110.905,327.175,0],"to":[-2.64540433883667,23.147289276123,0],"ti":[0.16666667163372,-1.45833337306976,0]},{"i":{"x":0.667,"y":1},"o":{"x":0.167,"y":0.167},"n":"0p667_1_0p167_0p167","t":60,"s":[110.905,327.175,0],"e":[110.905,327.175,0],"to":[-2.64540433883667,23.147289276123,0],"ti":[0.16666667163372,-1.45833337306976,0]},{"i":{"x":0.667,"y":1},"o":{"x":0.167,"y":0.167},"n":"0p667_1_0p167_0p167","t":68,"s":[110.905,327.175,0],"e":[110.905,327.175,0],"to":[-2.64540433883667,23.147289276123,0],"ti":[0.16666667163372,-1.45833337306976,0]},{"i":{"x":0.667,"y":1},"o":{"x":0.167,"y":0.167},"n":"0p667_1_0p167_0p167","t":77,"s":[110.905,327.175,0],"e":[110.905,327.175,0],"to":[-2.64540433883667,23.147289276123,0],"ti":[0.16666667163372,-1.45833337306976,0]},{"i":{"x":0.667,"y":1},"o":{"x":0.167,"y":0.167},"n":"0p667_1_0p167_0p167","t":85,"s":[110.905,327.175,0],"e":[113.155,336.925,0],"to":[-2.64540433883667,23.147289276123,0],"ti":[0.95954161882401,-1.75470173358917,0]},{"i":{"x":0.667,"y":1},"o":{"x":0.167,"y":0.167},"n":"0p667_1_0p167_0p167","t":89,"s":[113.155,336.925,0],"e":[377.655,178.3,0],"to":[-0.1124866232276,0.20570288598537,0],"ti":[-193.037673950195,-8.97288227081299,0]},{"t":97}],"ix":2},"a":{"a":0,"k":[10.875,70.925,0],"ix":1},"s":{"a":1,"k":[{"i":{"x":[0.667,0.667,0.667],"y":[1,1,1]},"o":{"x":[0.167,0.167,0.167],"y":[0.167,0.167,15.553]},"n":["0p667_1_0p167_0p167","0p667_1_0p167_0p167","0p667_1_0p167_15p553"],"t":25,"s":[6.681,6.681,100],"e":[79.37,87.152,100]},{"i":{"x":[0.667,0.667,0.667],"y":[1,1,1]},"o":{"x":[0.167,0.167,0.167],"y":[0,0.167,0]},"n":["0p667_1_0p167_0","0p667_1_0p167_0p167","0p667_1_0p167_0"],"t":35,"s":[79.37,87.152,100],"e":[79.37,79.37,100]},{"i":{"x":[0.667,0.667,0.667],"y":[1,1,1]},"o":{"x":[0.167,0.167,0.167],"y":[0,0,0]},"n":["0p667_1_0p167_0","0p667_1_0p167_0","0p667_1_0p167_0"],"t":42,"s":[79.37,79.37,100],"e":[79.37,79.37,100]},{"i":{"x":[0.667,0.667,0.667],"y":[1,1,1]},"o":{"x":[0.167,0.167,0.167],"y":[0,0,0]},"n":["0p667_1_0p167_0","0p667_1_0p167_0","0p667_1_0p167_0"],"t":47,"s":[79.37,79.37,100],"e":[79.37,79.37,100]},{"i":{"x":[0.667,0.667,0.667],"y":[1,1,1]},"o":{"x":[0.167,0.167,0.167],"y":[0,0,0]},"n":["0p667_1_0p167_0","0p667_1_0p167_0","0p667_1_0p167_0"],"t":52,"s":[79.37,79.37,100],"e":[79.37,79.37,100]},{"i":{"x":[0.667,0.667,0.667],"y":[1,1,1]},"o":{"x":[0.167,0.167,0.167],"y":[0,0,0]},"n":["0p667_1_0p167_0","0p667_1_0p167_0","0p667_1_0p167_0"],"t":60,"s":[79.37,79.37,100],"e":[79.37,79.37,100]},{"i":{"x":[0.667,0.667,0.667],"y":[1,1,1]},"o":{"x":[0.167,0.167,0.167],"y":[0,0,0]},"n":["0p667_1_0p167_0","0p667_1_0p167_0","0p667_1_0p167_0"],"t":68,"s":[79.37,79.37,100],"e":[79.37,79.37,100]},{"i":{"x":[0.667,0.667,0.667],"y":[1,1,1]},"o":{"x":[0.167,0.167,0.167],"y":[0,0,0]},"n":["0p667_1_0p167_0","0p667_1_0p167_0","0p667_1_0p167_0"],"t":77,"s":[79.37,79.37,100],"e":[79.37,79.37,100]},{"i":{"x":[0.667,0.667,0.667],"y":[1,1,1]},"o":{"x":[0.167,0.167,0.167],"y":[0,0.167,0]},"n":["0p667_1_0p167_0","0p667_1_0p167_0p167","0p667_1_0p167_0"],"t":85,"s":[79.37,79.37,100],"e":[79.37,87.152,100]},{"i":{"x":[0.667,0.667,0.667],"y":[1,1,1]},"o":{"x":[0.167,0.167,0.167],"y":[0.167,0.167,0]},"n":["0p667_1_0p167_0p167","0p667_1_0p167_0p167","0p667_1_0p167_0"],"t":89,"s":[79.37,87.152,100],"e":[6.681,6.681,100]},{"t":97}],"ix":6}},"ao":0,"shapes":[{"ty":"gr","it":[{"ind":0,"ty":"sh","ix":1,"ks":{"a":1,"k":[{"i":{"x":0.833,"y":0.833},"o":{"x":0.167,"y":0.167},"n":"0p833_0p833_0p167_0p167","t":37,"s":[{"i":[[0,-1],[0,0],[0,0],[1.25,0],[0,1.25],[0,0],[0,0],[-1.5,0]],"o":[[0,0],[0,0],[-1.25,1.5],[-0.75,0],[0,0],[0,0],[0.5,-1.5],[1.25,0]],"v":[[3,-27.25],[3,4.247],[3,27],[0,30],[-3,27.5],[-3,4.213],[-3,-27.5],[0,-30]],"c":true}],"e":[{"i":[[0,-1],[-0.325,-10.549],[0,0],[1.25,0],[0,1.25],[0.474,7.463],[0,0],[-1.5,0]],"o":[[0,0],[0.244,7.931],[0.023,2.046],[-0.75,0],[0,0],[-0.705,-11.089],[0.5,-1.5],[1.25,0]],"v":[[3,-27.25],[7.936,1.323],[2.921,27.003],[0,30],[-2.848,27.375],[2.665,0.613],[-3,-27.5],[0,-30]],"c":true}]},{"i":{"x":0.833,"y":0.833},"o":{"x":0.167,"y":0.167},"n":"0p833_0p833_0p167_0p167","t":44,"s":[{"i":[[0,-1],[-0.325,-10.549],[0,0],[1.25,0],[0,1.25],[0.474,7.463],[0,0],[-1.5,0]],"o":[[0,0],[0.244,7.931],[0.023,2.046],[-0.75,0],[0,0],[-0.705,-11.089],[0.5,-1.5],[1.25,0]],"v":[[3,-27.25],[7.936,1.323],[2.921,27.003],[0,30],[-2.848,27.375],[2.665,0.613],[-3,-27.5],[0,-30]],"c":true}],"e":[{"i":[[0,-1],[-0.325,-10.549],[0,0],[1.25,0],[0,1.25],[0.375,7.477],[0,0],[-1.5,0]],"o":[[0,0],[0.244,7.931],[0.023,2.046],[-0.75,0],[0,0],[-0.535,-10.67],[0.5,-1.5],[1.25,0]],"v":[[3,-27.25],[-4.352,1.274],[0.872,21.743],[-1.425,24.916],[-5.064,22.425],[-10.767,1.948],[-3,-27.5],[0,-30]],"c":true}]},{"i":{"x":0.833,"y":0.833},"o":{"x":0.167,"y":0.167},"n":"0p833_0p833_0p167_0p167","t":49,"s":[{"i":[[0,-1],[-0.325,-10.549],[0,0],[1.25,0],[0,1.25],[0.375,7.477],[0,0],[-1.5,0]],"o":[[0,0],[0.244,7.931],[0.023,2.046],[-0.75,0],[0,0],[-0.535,-10.67],[0.5,-1.5],[1.25,0]],"v":[[3,-27.25],[-4.352,1.274],[0.872,21.743],[-1.425,24.916],[-5.064,22.425],[-10.767,1.948],[-3,-27.5],[0,-30]],"c":true}],"e":[{"i":[[0,-1],[0,0],[0,0],[1.25,0],[0,1.25],[0,0],[0,0],[-1.5,0]],"o":[[0,0],[0,0],[-1.25,1.5],[-0.75,0],[0,0],[0,0],[0.5,-1.5],[1.25,0]],"v":[[3,-27.25],[3,4.247],[3,27],[0,30],[-3,27.5],[-3,4.213],[-3,-27.5],[0,-30]],"c":true}]},{"i":{"x":0.833,"y":0.833},"o":{"x":0.167,"y":0.167},"n":"0p833_0p833_0p167_0p167","t":54,"s":[{"i":[[0,-1],[0,0],[0,0],[1.25,0],[0,1.25],[0,0],[0,0],[-1.5,0]],"o":[[0,0],[0,0],[-1.25,1.5],[-0.75,0],[0,0],[0,0],[0.5,-1.5],[1.25,0]],"v":[[3,-27.25],[3,4.247],[3,27],[0,30],[-3,27.5],[-3,4.213],[-3,-27.5],[0,-30]],"c":true}],"e":[{"i":[[0,-1],[0,0],[0,0],[1.25,0],[0,1.25],[0,0],[0,0],[-1.5,0]],"o":[[0,0],[0,0],[-1.25,1.5],[-0.75,0],[0,0],[0,0],[0.5,-1.5],[1.25,0]],"v":[[3,-27.25],[3,4.247],[3,27],[0,30],[-3,27.5],[-3,4.213],[-3,-27.5],[0,-30]],"c":true}]},{"i":{"x":0.833,"y":0.833},"o":{"x":0.167,"y":0.167},"n":"0p833_0p833_0p167_0p167","t":60,"s":[{"i":[[0,-1],[0,0],[0,0],[1.25,0],[0,1.25],[0,0],[0,0],[-1.5,0]],"o":[[0,0],[0,0],[-1.25,1.5],[-0.75,0],[0,0],[0,0],[0.5,-1.5],[1.25,0]],"v":[[3,-27.25],[3,4.247],[3,27],[0,30],[-3,27.5],[-3,4.213],[-3,-27.5],[0,-30]],"c":true}],"e":[{"i":[[0,-1],[-0.325,-10.549],[0,0],[1.25,0],[0,1.25],[0.375,7.477],[0,0],[-1.5,0]],"o":[[0,0],[0.244,7.931],[0.023,2.046],[-0.75,0],[0,0],[-0.535,-10.67],[0.5,-1.5],[1.25,0]],"v":[[3,-27.25],[-4.352,1.274],[0.872,21.743],[-1.425,24.916],[-5.064,22.425],[-10.767,1.948],[-3,-27.5],[0,-30]],"c":true}]},{"i":{"x":0.833,"y":0.833},"o":{"x":0.167,"y":0.167},"n":"0p833_0p833_0p167_0p167","t":66,"s":[{"i":[[0,-1],[-0.325,-10.549],[0,0],[1.25,0],[0,1.25],[0.375,7.477],[0,0],[-1.5,0]],"o":[[0,0],[0.244,7.931],[0.023,2.046],[-0.75,0],[0,0],[-0.535,-10.67],[0.5,-1.5],[1.25,0]],"v":[[3,-27.25],[-4.352,1.274],[0.872,21.743],[-1.425,24.916],[-5.064,22.425],[-10.767,1.948],[-3,-27.5],[0,-30]],"c":true}],"e":[{"i":[[0,-1],[-0.325,-10.549],[0,0],[1.25,0],[0,1.25],[0.474,7.463],[0,0],[-1.5,0]],"o":[[0,0],[0.244,7.931],[0.023,2.046],[-0.75,0],[0,0],[-0.705,-11.089],[0.5,-1.5],[1.25,0]],"v":[[3,-27.25],[7.936,1.323],[2.921,27.003],[0,30],[-2.848,27.375],[2.665,0.613],[-3,-27.5],[0,-30]],"c":true}]},{"i":{"x":0.833,"y":0.833},"o":{"x":0.167,"y":0.167},"n":"0p833_0p833_0p167_0p167","t":74,"s":[{"i":[[0,-1],[-0.325,-10.549],[0,0],[1.25,0],[0,1.25],[0.474,7.463],[0,0],[-1.5,0]],"o":[[0,0],[0.244,7.931],[0.023,2.046],[-0.75,0],[0,0],[-0.705,-11.089],[0.5,-1.5],[1.25,0]],"v":[[3,-27.25],[7.936,1.323],[2.921,27.003],[0,30],[-2.848,27.375],[2.665,0.613],[-3,-27.5],[0,-30]],"c":true}],"e":[{"i":[[0,-1],[0,0],[0,0],[1.25,0],[0,1.25],[0,0],[0,0],[-1.5,0]],"o":[[0,0],[0,0],[-1.25,1.5],[-0.75,0],[0,0],[0,0],[0.5,-1.5],[1.25,0]],"v":[[3,-27.25],[3,4.247],[3,27],[0,30],[-3,27.5],[-3,4.213],[-3,-27.5],[0,-30]],"c":true}]},{"t":82}],"ix":2},"nm":"Caminho 1","mn":"ADBE Vector Shape - Group","hd":false},{"ty":"fl","c":{"a":0,"k":[1,1,1,1],"ix":4},"o":{"a":0,"k":100,"ix":5},"r":1,"nm":"Preenchimento 1","mn":"ADBE Vector Graphic - Fill","hd":false},{"ty":"tr","p":{"a":0,"k":[10.97,30.25],"ix":2},"a":{"a":0,"k":[0,0],"ix":1},"s":{"a":0,"k":[100,100],"ix":3},"r":{"a":0,"k":0,"ix":6},"o":{"a":0,"k":100,"ix":7},"sk":{"a":0,"k":0,"ix":4},"sa":{"a":0,"k":0,"ix":5},"nm":"Transformar"}],"nm":"Grupo 1","np":2,"cix":2,"ix":1,"mn":"ADBE Vector Group","hd":false},{"ty":"gr","it":[{"ind":0,"ty":"sh","ix":1,"ks":{"a":1,"k":[{"i":{"x":0.833,"y":0.833},"o":{"x":0.167,"y":0.167},"n":"0p833_0p833_0p167_0p167","t":37,"s":[{"i":[[0,0],[0,-73.95],[-2.26,0.23],[-3.77,-2.32]],"o":[[0,0],[3.76,-2.32],[2.27,0.23],[0,-73.95]],"v":[[-0.01,-31.875],[-10.2,36.975],[-0.01,33.685],[10.2,36.975]],"c":true}],"e":[{"i":[[0,0],[-7.967,-63.396],[-2.26,0.23],[-3.77,-2.32]],"o":[[0,0],[3.76,-2.32],[2.27,0.23],[-10.911,-49.974]],"v":[[-5.976,-34.924],[-25.061,30.611],[-14.987,26.459],[-5.263,31.268]],"c":true}]},{"i":{"x":0.833,"y":0.833},"o":{"x":0.167,"y":0.167},"n":"0p833_0p833_0p167_0p167","t":44,"s":[{"i":[[0,0],[-7.967,-63.396],[-2.26,0.23],[-3.77,-2.32]],"o":[[0,0],[3.76,-2.32],[2.27,0.23],[-10.911,-49.974]],"v":[[-5.976,-34.924],[-25.061,30.611],[-14.987,26.459],[-5.263,31.268]],"c":true}],"e":[{"i":[[1.25,-0.941],[15.604,-49.782],[-2.26,0.23],[-3.77,-2.32]],"o":[[-1.494,1.124],[3.76,-2.32],[2.27,0.23],[14.109,-72.358]],"v":[[6.433,-41.925],[-3.757,26.925],[9.981,20.904],[16.643,26.925]],"c":true}]},{"i":{"x":0.833,"y":0.833},"o":{"x":0.167,"y":0.167},"n":"0p833_0p833_0p167_0p167","t":49,"s":[{"i":[[1.25,-0.941],[15.604,-49.782],[-2.26,0.23],[-3.77,-2.32]],"o":[[-1.494,1.124],[3.76,-2.32],[2.27,0.23],[14.109,-72.358]],"v":[[6.433,-41.925],[-3.757,26.925],[9.981,20.904],[16.643,26.925]],"c":true}],"e":[{"i":[[0,0],[0,-73.95],[-2.26,0.23],[-3.77,-2.32]],"o":[[0,0],[3.76,-2.32],[2.27,0.23],[0,-73.95]],"v":[[-0.01,-31.875],[-10.2,36.975],[-0.01,33.685],[10.2,36.975]],"c":true}]},{"i":{"x":0.833,"y":0.833},"o":{"x":0.167,"y":0.167},"n":"0p833_0p833_0p167_0p167","t":54,"s":[{"i":[[0,0],[0,-73.95],[-2.26,0.23],[-3.77,-2.32]],"o":[[0,0],[3.76,-2.32],[2.27,0.23],[0,-73.95]],"v":[[-0.01,-31.875],[-10.2,36.975],[-0.01,33.685],[10.2,36.975]],"c":true}],"e":[{"i":[[0,0],[0,-73.95],[-2.26,0.23],[-3.77,-2.32]],"o":[[0,0],[3.76,-2.32],[2.27,0.23],[0,-73.95]],"v":[[-0.01,-31.875],[-10.2,36.975],[-0.01,33.685],[10.2,36.975]],"c":true}]},{"i":{"x":0.833,"y":0.833},"o":{"x":0.167,"y":0.167},"n":"0p833_0p833_0p167_0p167","t":60,"s":[{"i":[[0,0],[0,-73.95],[-2.26,0.23],[-3.77,-2.32]],"o":[[0,0],[3.76,-2.32],[2.27,0.23],[0,-73.95]],"v":[[-0.01,-31.875],[-10.2,36.975],[-0.01,33.685],[10.2,36.975]],"c":true}],"e":[{"i":[[1.25,-0.941],[15.604,-49.782],[-2.26,0.23],[-3.77,-2.32]],"o":[[-1.494,1.124],[3.76,-2.32],[2.27,0.23],[14.109,-72.358]],"v":[[6.433,-41.925],[-3.757,26.925],[9.981,20.904],[16.643,26.925]],"c":true}]},{"i":{"x":0.833,"y":0.833},"o":{"x":0.167,"y":0.167},"n":"0p833_0p833_0p167_0p167","t":66,"s":[{"i":[[1.25,-0.941],[15.604,-49.782],[-2.26,0.23],[-3.77,-2.32]],"o":[[-1.494,1.124],[3.76,-2.32],[2.27,0.23],[14.109,-72.358]],"v":[[6.433,-41.925],[-3.757,26.925],[9.981,20.904],[16.643,26.925]],"c":true}],"e":[{"i":[[0,0],[-7.967,-63.396],[-2.26,0.23],[-3.77,-2.32]],"o":[[0,0],[3.76,-2.32],[2.27,0.23],[-10.911,-49.974]],"v":[[-5.976,-34.924],[-25.061,30.611],[-14.987,26.459],[-5.263,31.268]],"c":true}]},{"i":{"x":0.833,"y":0.833},"o":{"x":0.167,"y":0.167},"n":"0p833_0p833_0p167_0p167","t":74,"s":[{"i":[[0,0],[-7.967,-63.396],[-2.26,0.23],[-3.77,-2.32]],"o":[[0,0],[3.76,-2.32],[2.27,0.23],[-10.911,-49.974]],"v":[[-5.976,-34.924],[-25.061,30.611],[-14.987,26.459],[-5.263,31.268]],"c":true}],"e":[{"i":[[0,0],[0,-73.95],[-2.26,0.23],[-3.77,-2.32]],"o":[[0,0],[3.76,-2.32],[2.27,0.23],[0,-73.95]],"v":[[-0.01,-31.875],[-10.2,36.975],[-0.01,33.685],[10.2,36.975]],"c":true}]},{"t":82}],"ix":2},"nm":"Caminho 1","mn":"ADBE Vector Shape - Group","hd":false},{"ty":"fl","c":{"a":0,"k":[1,1,1,1],"ix":4},"o":{"a":0,"k":100,"ix":5},"r":1,"nm":"Preenchimento 1","mn":"ADBE Vector Graphic - Fill","hd":false},{"ty":"tr","p":{"a":0,"k":[10.8,104.625],"ix":2},"a":{"a":0,"k":[0,0],"ix":1},"s":{"a":0,"k":[100,100],"ix":3},"r":{"a":0,"k":0,"ix":6},"o":{"a":0,"k":100,"ix":7},"sk":{"a":0,"k":0,"ix":4},"sa":{"a":0,"k":0,"ix":5},"nm":"Transformar"}],"nm":"Grupo 2","np":2,"cix":2,"ix":2,"mn":"ADBE Vector Group","hd":false},{"ty":"gr","it":[{"ind":0,"ty":"sh","ix":1,"ks":{"a":1,"k":[{"i":{"x":0.833,"y":0.833},"o":{"x":0.167,"y":0.167},"n":"0p833_0p833_0p167_0p167","t":37,"s":[{"i":[[0,5.86],[-5.87,0],[0,-5.87],[5.87,0]],"o":[[0,-5.87],[5.87,0],[0,5.86],[-5.87,0]],"v":[[-10.625,0.005],[-0.005,-10.625],[10.625,0.005],[-0.005,10.625]],"c":true}],"e":[{"i":[[0,5.86],[-5.87,0],[0,-5.87],[5.87,0]],"o":[[0,-5.87],[5.87,0],[0,5.86],[-5.87,0]],"v":[[-13.232,-1.93],[-2.612,-12.56],[8.018,-1.93],[-2.612,8.69]],"c":true}]},{"i":{"x":0.833,"y":0.833},"o":{"x":0.167,"y":0.167},"n":"0p833_0p833_0p167_0p167","t":44,"s":[{"i":[[0,5.86],[-5.87,0],[0,-5.87],[5.87,0]],"o":[[0,-5.87],[5.87,0],[0,5.86],[-5.87,0]],"v":[[-13.232,-1.93],[-2.612,-12.56],[8.018,-1.93],[-2.612,8.69]],"c":true}],"e":[{"i":[[0,5.86],[-5.87,0],[0,-5.87],[5.87,0]],"o":[[0,-5.87],[5.87,0],[0,5.86],[-5.87,0]],"v":[[-9.763,-7.342],[0.857,-17.972],[11.487,-7.342],[0.857,3.278]],"c":true}]},{"i":{"x":0.833,"y":0.833},"o":{"x":0.167,"y":0.167},"n":"0p833_0p833_0p167_0p167","t":49,"s":[{"i":[[0,5.86],[-5.87,0],[0,-5.87],[5.87,0]],"o":[[0,-5.87],[5.87,0],[0,5.86],[-5.87,0]],"v":[[-9.763,-7.342],[0.857,-17.972],[11.487,-7.342],[0.857,3.278]],"c":true}],"e":[{"i":[[0,5.86],[-5.87,0],[0,-5.87],[5.87,0]],"o":[[0,-5.87],[5.87,0],[0,5.86],[-5.87,0]],"v":[[-10.625,0.005],[-0.005,-10.625],[10.625,0.005],[-0.005,10.625]],"c":true}]},{"i":{"x":0.833,"y":0.833},"o":{"x":0.167,"y":0.167},"n":"0p833_0p833_0p167_0p167","t":54,"s":[{"i":[[0,5.86],[-5.87,0],[0,-5.87],[5.87,0]],"o":[[0,-5.87],[5.87,0],[0,5.86],[-5.87,0]],"v":[[-10.625,0.005],[-0.005,-10.625],[10.625,0.005],[-0.005,10.625]],"c":true}],"e":[{"i":[[0,5.86],[-5.87,0],[0,-5.87],[5.87,0]],"o":[[0,-5.87],[5.87,0],[0,5.86],[-5.87,0]],"v":[[-10.625,0.005],[-0.005,-10.625],[10.625,0.005],[-0.005,10.625]],"c":true}]},{"i":{"x":0.833,"y":0.833},"o":{"x":0.167,"y":0.167},"n":"0p833_0p833_0p167_0p167","t":60,"s":[{"i":[[0,5.86],[-5.87,0],[0,-5.87],[5.87,0]],"o":[[0,-5.87],[5.87,0],[0,5.86],[-5.87,0]],"v":[[-10.625,0.005],[-0.005,-10.625],[10.625,0.005],[-0.005,10.625]],"c":true}],"e":[{"i":[[0,5.86],[-5.87,0],[0,-5.87],[5.87,0]],"o":[[0,-5.87],[5.87,0],[0,5.86],[-5.87,0]],"v":[[-9.763,-7.342],[0.857,-17.972],[11.487,-7.342],[0.857,3.278]],"c":true}]},{"i":{"x":0.833,"y":0.833},"o":{"x":0.167,"y":0.167},"n":"0p833_0p833_0p167_0p167","t":66,"s":[{"i":[[0,5.86],[-5.87,0],[0,-5.87],[5.87,0]],"o":[[0,-5.87],[5.87,0],[0,5.86],[-5.87,0]],"v":[[-9.763,-7.342],[0.857,-17.972],[11.487,-7.342],[0.857,3.278]],"c":true}],"e":[{"i":[[0,5.86],[-5.87,0],[0,-5.87],[5.87,0]],"o":[[0,-5.87],[5.87,0],[0,5.86],[-5.87,0]],"v":[[-13.232,-1.93],[-2.612,-12.56],[8.018,-1.93],[-2.612,8.69]],"c":true}]},{"i":{"x":0.833,"y":0.833},"o":{"x":0.167,"y":0.167},"n":"0p833_0p833_0p167_0p167","t":74,"s":[{"i":[[0,5.86],[-5.87,0],[0,-5.87],[5.87,0]],"o":[[0,-5.87],[5.87,0],[0,5.86],[-5.87,0]],"v":[[-13.232,-1.93],[-2.612,-12.56],[8.018,-1.93],[-2.612,8.69]],"c":true}],"e":[{"i":[[0,5.86],[-5.87,0],[0,-5.87],[5.87,0]],"o":[[0,-5.87],[5.87,0],[0,5.86],[-5.87,0]],"v":[[-10.625,0.005],[-0.005,-10.625],[10.625,0.005],[-0.005,10.625]],"c":true}]},{"t":82}],"ix":2},"nm":"Caminho 1","mn":"ADBE Vector Shape - Group","hd":false},{"ty":"fl","c":{"a":0,"k":[1,1,1,1],"ix":4},"o":{"a":0,"k":100,"ix":5},"r":1,"nm":"Preenchimento 1","mn":"ADBE Vector Graphic - Fill","hd":false},{"ty":"tr","p":{"a":0,"k":[10.875,67.225],"ix":2},"a":{"a":0,"k":[0,0],"ix":1},"s":{"a":0,"k":[100,100],"ix":3},"r":{"a":0,"k":0,"ix":6},"o":{"a":0,"k":100,"ix":7},"sk":{"a":0,"k":0,"ix":4},"sa":{"a":0,"k":0,"ix":5},"nm":"Transformar"}],"nm":"Grupo 3","np":2,"cix":2,"ix":3,"mn":"ADBE Vector Group","hd":false}],"ip":25,"op":98,"st":25,"bm":0},{"ddd":0,"ind":3,"ty":4,"nm":"chapeu_uni","sr":1,"ks":{"o":{"a":0,"k":100,"ix":11},"r":{"a":1,"k":[{"i":{"x":[0.667],"y":[1]},"o":{"x":[0.167],"y":[0.167]},"n":["0p667_1_0p167_0p167"],"t":25,"s":[-52.909],"e":[1.977]},{"i":{"x":[0.667],"y":[1]},"o":{"x":[0.167],"y":[0.167]},"n":["0p667_1_0p167_0p167"],"t":35,"s":[1.977],"e":[-0.943]},{"i":{"x":[0.667],"y":[1]},"o":{"x":[0.167],"y":[0.167]},"n":["0p667_1_0p167_0p167"],"t":42,"s":[-0.943],"e":[1.977]},{"i":{"x":[0.667],"y":[1]},"o":{"x":[0.167],"y":[0.167]},"n":["0p667_1_0p167_0p167"],"t":47,"s":[1.977],"e":[0]},{"i":{"x":[0.579],"y":[1]},"o":{"x":[0.231],"y":[0]},"n":["0p579_1_0p231_0"],"t":52,"s":[0],"e":[0.505]},{"i":{"x":[0.638],"y":[0.938]},"o":{"x":[0.298],"y":[0]},"n":["0p638_0p938_0p298_0"],"t":58,"s":[0.505],"e":[-0.416]},{"i":{"x":[0.579],"y":[1]},"o":{"x":[0.327],"y":[-0.064]},"n":["0p579_1_0p327_-0p064"],"t":65,"s":[-0.416],"e":[0.505]},{"i":{"x":[0.704],"y":[1]},"o":{"x":[0.298],"y":[0]},"n":["0p704_1_0p298_0"],"t":73,"s":[0.505],"e":[0]},{"i":{"x":[0.667],"y":[1]},"o":{"x":[0.167],"y":[0.167]},"n":["0p667_1_0p167_0p167"],"t":85,"s":[0],"e":[0.971]},{"i":{"x":[0.667],"y":[1]},"o":{"x":[0.167],"y":[0.167]},"n":["0p667_1_0p167_0p167"],"t":89,"s":[0.971],"e":[44.319]},{"t":97}],"ix":10},"p":{"a":1,"k":[{"i":{"x":0.667,"y":1},"o":{"x":0.167,"y":0.167},"n":"0p667_1_0p167_0p167","t":25,"s":[83.5,180.5,0],"e":[211.5,287.5,0],"to":[71.3333358764648,-0.16666667163372,0],"ti":[-1.83333337306976,-43.3333320617676,0]},{"i":{"x":0.582,"y":0.629},"o":{"x":0.167,"y":0.167},"n":"0p582_0p629_0p167_0p167","t":35,"s":[211.5,287.5,0],"e":[208.989,294.104,0],"to":[0.70060926675797,16.5598545074463,0],"ti":[1.32877337932587,6.49356842041016,0]},{"i":{"x":0.702,"y":1},"o":{"x":0.347,"y":0.636},"n":"0p702_1_0p347_0p636","t":39,"s":[208.989,294.104,0],"e":[207.368,287.831,0],"to":[-0.4423785507679,-2.16185522079468,0],"ti":[-0.0915966257453,2.5024311542511,0]},{"i":{"x":0.667,"y":1},"o":{"x":0.167,"y":0.167},"n":"0p667_1_0p167_0p167","t":42,"s":[207.368,287.831,0],"e":[213.5,268.5,0],"to":[0.08435956388712,-2.3047137260437,0],"ti":[0,0,0]},{"i":{"x":0.667,"y":1},"o":{"x":0.167,"y":0.167},"n":"0p667_1_0p167_0p167","t":47,"s":[213.5,268.5,0],"e":[212.5,280.5,0],"to":[0,0,0],"ti":[0,0,0]},{"i":{"x":0.686,"y":0.686},"o":{"x":0.167,"y":0.167},"n":"0p686_0p686_0p167_0p167","t":52,"s":[212.5,280.5,0],"e":[212.5,280.5,0],"to":[0,0,0],"ti":[0,0,0]},{"i":{"x":0.667,"y":1},"o":{"x":0.167,"y":0.167},"n":"0p667_1_0p167_0p167","t":85,"s":[212.5,280.5,0],"e":[213,287,0],"to":[0,0,0],"ti":[0,0,0]},{"i":{"x":0.667,"y":1},"o":{"x":0.167,"y":0.167},"n":"0p667_1_0p167_0p167","t":89,"s":[213,287,0],"e":[385.5,181.5,0],"to":[0,0,0],"ti":[-129.174774169922,-28.9365081787109,0]},{"t":97}],"ix":2},"a":{"a":0,"k":[172.5,87.5,0],"ix":1},"s":{"a":1,"k":[{"i":{"x":[0.667,0.667,0.667],"y":[1,1,1]},"o":{"x":[0.167,0.167,0.167],"y":[0.167,0.167,15.553]},"n":["0p667_1_0p167_0p167","0p667_1_0p167_0p167","0p667_1_0p167_15p553"],"t":25,"s":[6.681,6.681,100],"e":[82.853,73.066,100]},{"i":{"x":[0.667,0.667,0.667],"y":[1,1,1]},"o":{"x":[0.167,0.167,0.167],"y":[0.167,0.167,0]},"n":["0p667_1_0p167_0p167","0p667_1_0p167_0p167","0p667_1_0p167_0"],"t":35,"s":[82.853,73.066,100],"e":[82.582,86.242,100]},{"i":{"x":[0.667,0.667,0.667],"y":[1,1,1]},"o":{"x":[0.167,0.167,0.167],"y":[0.167,0.167,0]},"n":["0p667_1_0p167_0p167","0p667_1_0p167_0p167","0p667_1_0p167_0"],"t":42,"s":[82.582,86.242,100],"e":[79.96,84.07,100]},{"i":{"x":[0.667,0.667,0.667],"y":[1,1,1]},"o":{"x":[0.167,0.167,0.167],"y":[0.167,0.167,0]},"n":["0p667_1_0p167_0p167","0p667_1_0p167_0p167","0p667_1_0p167_0"],"t":47,"s":[79.96,84.07,100],"e":[79.37,79.37,100]},{"i":{"x":[0.667,0.667,0.667],"y":[1,1,1]},"o":{"x":[0.167,0.167,0.167],"y":[0,0,0]},"n":["0p667_1_0p167_0","0p667_1_0p167_0","0p667_1_0p167_0"],"t":52,"s":[79.37,79.37,100],"e":[79.37,79.37,100]},{"i":{"x":[0.667,0.667,0.667],"y":[1,1,1]},"o":{"x":[0.167,0.167,0.167],"y":[0.167,0.167,0]},"n":["0p667_1_0p167_0p167","0p667_1_0p167_0p167","0p667_1_0p167_0"],"t":85,"s":[79.37,79.37,100],"e":[79.96,73.602,100]},{"i":{"x":[0.667,0.667,0.667],"y":[1,1,1]},"o":{"x":[0.167,0.167,0.167],"y":[0.167,0.167,0]},"n":["0p667_1_0p167_0p167","0p667_1_0p167_0p167","0p667_1_0p167_0"],"t":89,"s":[79.96,73.602,100],"e":[4.624,10.713,100]},{"t":97}],"ix":6}},"ao":0,"shapes":[{"ty":"gr","it":[{"ind":0,"ty":"sh","ix":1,"ks":{"a":0,"k":{"i":[[0,0],[1.12,-0.01],[-1.09,-0.03]],"o":[[-1.14,0],[1.11,0.01],[0,0]],"v":[[3.385,-39.95],[-0.015,-39.93],[3.285,-39.87]],"c":true},"ix":2},"nm":"Caminho 1","mn":"ADBE Vector Shape - Group","hd":false},{"ind":1,"ty":"sh","ix":2,"ks":{"a":0,"k":{"i":[[0,0],[-55.73,0.68],[0,0.01],[0.89,-0.01],[0,0],[0,0],[53.74,1.29],[1.11,0.01],[1.14,0],[0.1,-0.06],[0,0]],"o":[[0,0],[-0.23,0],[0,0],[55.74,0.68],[0,0],[0,0],[-1.09,-0.03],[-1.12,-0.01],[-0.14,0],[-53.45,1.38],[0,0]],"v":[[-88.405,39.95],[-0.005,22.12],[-0.325,22.11],[-0.005,22.12],[88.405,39.95],[88.405,-22.1],[3.285,-39.87],[-0.015,-39.93],[-3.395,-39.95],[-3.755,-39.86],[-88.405,-22.1]],"c":true},"ix":2},"nm":"Caminho 2","mn":"ADBE Vector Shape - Group","hd":false},{"ty":"mm","mm":1,"nm":"Mesclar caminhos 1","mn":"ADBE Vector Filter - Merge","hd":false},{"ty":"fl","c":{"a":0,"k":[0.015686275437,0.243137255311,0.423529416323,1],"ix":4},"o":{"a":0,"k":100,"ix":5},"r":1,"nm":"Preenchimento 1","mn":"ADBE Vector Graphic - Fill","hd":false},{"ty":"tr","p":{"a":0,"k":[172.935,128.4],"ix":2},"a":{"a":0,"k":[0,0],"ix":1},"s":{"a":0,"k":[100,100],"ix":3},"r":{"a":0,"k":0,"ix":6},"o":{"a":0,"k":100,"ix":7},"sk":{"a":0,"k":0,"ix":4},"sa":{"a":0,"k":0,"ix":5},"nm":"Transformar"}],"nm":"Grupo 3","np":4,"cix":2,"ix":1,"mn":"ADBE Vector Group","hd":false},{"ty":"gr","it":[{"ind":0,"ty":"sh","ix":1,"ks":{"a":0,"k":{"i":[[-4.5,-0.25],[-19.5,-7.5],[0,-3],[0,0],[0.75,0],[6.75,2],[17.25,1.25],[0.75,0],[0,0],[4,-0.5],[6,-1.25],[6.75,-2],[7.25,-3.5],[0.75,0],[0,0.75],[0,0],[-1,0.5],[-2,0.75],[-22.75,2],[-0.75,0],[0,0]],"o":[[19,1.75],[0.5,0.25],[0,0],[-0.25,2.25],[-0.5,0],[-17.25,-5.5],[-1.25,0],[0,0],[-4.25,0.5],[-6.25,0.75],[-7,1.25],[-7.5,2],[-0.75,0.5],[-1.25,0],[0,0],[0.25,-0.75],[1.75,-1],[22.75,-9.25],[1.25,0],[0,0],[0.75,0]],"v":[[24.125,-41.75],[82.375,-28.25],[91.375,-22.5],[91.375,39.75],[88.125,42.75],[67.875,35],[15.625,25.5],[11.375,25.25],[-11.625,25.25],[-24.375,26.25],[-43.375,29],[-64.625,34],[-86.375,42],[-88.625,42.75],[-91.375,40.5],[-91.375,-22.75],[-89.625,-25],[-83.625,-27.75],[-15.375,-42.5],[-10.375,-42.75],[10.125,-42.75]],"c":true},"ix":2},"nm":"Caminho 1","mn":"ADBE Vector Shape - Group","hd":false},{"ind":1,"ty":"sh","ix":2,"ks":{"a":0,"k":{"i":[[-2.5,-0.25],[-21.5,-9.5],[0,0],[22.25,1.75],[0.75,0],[0,0],[24.5,-10.25],[0,0],[-21,2],[-0.75,0],[0,0]],"o":[[21.25,2],[0,0],[-22.25,-9.25],[-2.5,-0.25],[0,0],[-24.75,1.5],[0,0],[20.5,-9],[3.25,-0.25],[0,0],[0.75,0]],"v":[[19.625,-36],[85.125,-20.25],[85.125,34.75],[17.875,19.5],[9.625,19],[-9.875,19],[-85.125,34.75],[-85.125,-20.25],[-22.375,-35.75],[-11.875,-36.5],[11.625,-36.5]],"c":true},"ix":2},"nm":"Caminho 2","mn":"ADBE Vector Shape - Group","hd":false},{"ty":"mm","mm":1,"nm":"Mesclar caminhos 1","mn":"ADBE Vector Filter - Merge","hd":false},{"ty":"fl","c":{"a":0,"k":[1,1,1,1],"ix":4},"o":{"a":0,"k":100,"ix":5},"r":1,"nm":"Preenchimento 1","mn":"ADBE Vector Graphic - Fill","hd":false},{"ty":"tr","p":{"a":0,"k":[173.005,127],"ix":2},"a":{"a":0,"k":[0,0],"ix":1},"s":{"a":0,"k":[100,100],"ix":3},"r":{"a":0,"k":0,"ix":6},"o":{"a":0,"k":100,"ix":7},"sk":{"a":0,"k":0,"ix":4},"sa":{"a":0,"k":0,"ix":5},"nm":"Transformar"}],"nm":"Grupo 1","np":4,"cix":2,"ix":2,"mn":"ADBE Vector Group","hd":false},{"ty":"gr","it":[{"ind":0,"ty":"sh","ix":1,"ks":{"a":0,"k":{"i":[[0,0],[0,0],[0,0],[0,0],[0,0],[0,0],[0,0],[0,0],[0,0],[0,0],[0,0],[0,0],[0,0]],"o":[[0,0],[0,0],[0,0],[0,0],[0,0],[0,0],[0,0],[0,0],[0,0],[0,0],[0,0],[0,0],[0,0]],"v":[[-87.97,42.925],[-73.53,54.825],[-0.43,54.825],[0.43,54.825],[73.53,54.825],[87.97,42.925],[164.47,8.075],[0.43,-54.505],[0.43,-54.825],[0,-54.665],[-0.43,-54.825],[-0.43,-54.505],[-164.47,8.075]],"c":true},"ix":2},"nm":"Caminho 1","mn":"ADBE Vector Shape - Group","hd":false},{"ty":"fl","c":{"a":0,"k":[0.015686275437,0.243137255311,0.423529416323,1],"ix":4},"o":{"a":0,"k":100,"ix":5},"r":1,"nm":"Preenchimento 1","mn":"ADBE Vector Graphic - Fill","hd":false},{"ty":"tr","p":{"a":0,"k":[172.5,62.975],"ix":2},"a":{"a":0,"k":[0,0],"ix":1},"s":{"a":0,"k":[100,100],"ix":3},"r":{"a":0,"k":0,"ix":6},"o":{"a":0,"k":100,"ix":7},"sk":{"a":0,"k":0,"ix":4},"sa":{"a":0,"k":0,"ix":5},"nm":"Transformar"}],"nm":"Grupo 4","np":2,"cix":2,"ix":3,"mn":"ADBE Vector Group","hd":false},{"ty":"gr","it":[{"ind":0,"ty":"sh","ix":1,"ks":{"a":0,"k":{"i":[[-7.5,-2.75],[-8,-3],[-6.25,-2.25],[0,0],[-25.25,-9.75],[0,-0.75],[1.25,-1],[1.5,-0.75],[21.5,-10.25],[2.5,0],[0,0],[5.75,3],[25,11.75],[0,0.75],[-1,0.25],[-9.5,3.75],[-8,3],[-6.25,2.25],[-5.25,2],[-4.5,1.75],[-1.75,0]],"o":[[8,3],[6,2.25],[0,0],[25,9.75],[0.75,0.25],[0,3.5],[-1.75,1],[-21.75,10],[-1.5,0.5],[0,0],[-5.25,-2.25],[-24.75,-12.75],[-1.5,-0.5],[0,-0.75],[9.25,-3.5],[8,-3],[6,-2.25],[5,-1.75],[4.25,-1.75],[10.5,-4],[1.25,0]],"v":[[31,-46.25],[55.25,-37],[74.25,-29.75],[90,-23.75],[165.75,5.25],[167.25,7.75],[160.25,13],[154.75,15.5],[89.5,45.25],[73,57.75],[-73.25,57.75],[-89.5,45.25],[-165.5,10.5],[-167.25,7.75],[-165.75,5.25],[-137.25,-5.75],[-113,-15],[-94,-22.25],[-78.25,-28.25],[-64.5,-33.5],[0,-57.75]],"c":true},"ix":2},"nm":"Caminho 1","mn":"ADBE Vector Shape - Group","hd":false},{"ind":1,"ty":"sh","ix":2,"ks":{"a":0,"k":{"i":[[0,0],[22.5,-11.75],[4.75,-4],[0,0],[5.25,2.75],[23.25,10.5],[0,0]],"o":[[-23,10.5],[-5.5,2.75],[0,0],[-4.75,-4],[-22.5,-11.75],[0,0],[0,0]],"v":[[156.25,8.25],[86.75,39.75],[72.5,51.5],[-72.5,51.5],[-86.75,39.75],[-156.25,8.25],[0,-51.25]],"c":true},"ix":2},"nm":"Caminho 2","mn":"ADBE Vector Shape - Group","hd":false},{"ty":"mm","mm":1,"nm":"Mesclar caminhos 1","mn":"ADBE Vector Filter - Merge","hd":false},{"ty":"fl","c":{"a":0,"k":[0.015686275437,0.243137255311,0.423529416323,1],"ix":4},"o":{"a":0,"k":100,"ix":5},"r":1,"nm":"Preenchimento 1","mn":"ADBE Vector Graphic - Fill","hd":false},{"ty":"tr","p":{"a":0,"k":[172.5,63.5],"ix":2},"a":{"a":0,"k":[0,0],"ix":1},"s":{"a":0,"k":[100,100],"ix":3},"r":{"a":0,"k":0,"ix":6},"o":{"a":0,"k":100,"ix":7},"sk":{"a":0,"k":0,"ix":4},"sa":{"a":0,"k":0,"ix":5},"nm":"Transformar"}],"nm":"Grupo 6","np":4,"cix":2,"ix":4,"mn":"ADBE Vector Group","hd":false},{"ty":"gr","it":[{"ind":0,"ty":"sh","ix":1,"ks":{"a":0,"k":{"i":[[0,0],[0,0],[0,0],[0,0],[0,0],[0,0],[0,0],[0,0],[0,0],[0,0],[-55.73,0.68],[0,0],[0.89,-0.01],[0,0]],"o":[[0,0],[0,0],[0,0],[0,0],[0,0],[0,0],[0,0],[0,0],[0,0],[0,0],[0,0],[0,0],[55.74,0.68],[0,0]],"v":[[88.85,17.875],[164.47,-16.575],[0.43,-79.155],[0.43,-79.475],[0,-79.315],[-0.43,-79.475],[-0.43,-79.155],[-164.47,-16.575],[-87.97,18.275],[-87.97,79.475],[0.43,61.645],[0.11,61.635],[0.43,61.645],[88.84,79.475]],"c":true},"ix":2},"nm":"Caminho 1","mn":"ADBE Vector Shape - Group","hd":false},{"ty":"fl","c":{"a":0,"k":[0.015686275437,0.243137255311,0.423529416323,1],"ix":4},"o":{"a":0,"k":100,"ix":5},"r":1,"nm":"Preenchimento 1","mn":"ADBE Vector Graphic - Fill","hd":false},{"ty":"tr","p":{"a":0,"k":[172.5,87.625],"ix":2},"a":{"a":0,"k":[0,0],"ix":1},"s":{"a":0,"k":[100,100],"ix":3},"r":{"a":0,"k":0,"ix":6},"o":{"a":0,"k":100,"ix":7},"sk":{"a":0,"k":0,"ix":4},"sa":{"a":0,"k":0,"ix":5},"nm":"Transformar"}],"nm":"Grupo 5","np":2,"cix":2,"ix":5,"mn":"ADBE Vector Group","hd":false},{"ty":"gr","it":[{"ind":0,"ty":"sh","ix":1,"ks":{"a":0,"k":{"i":[[-6,-2.25],[-8,-3],[-7,-2.75],[-5.75,-2],[-5.25,-2.25],[-4.25,-1.75],[-16.25,-7.75],[0,-1.5],[5,-2.25],[21.75,-10],[0,0],[3.25,0],[0.5,0.25],[22,2],[0.75,0],[0,0],[4.5,-0.5],[16.75,-6.5],[3.75,0],[1,0.75],[0.5,0.75],[0,0.5],[0,0],[5.25,2.25],[3.5,1.75],[15.5,8.5],[0,1.5],[-5.5,2.75],[-4.5,1.75],[-8,3],[-39,14.75],[-0.75,0]],"o":[[8,3],[6.75,2.75],[5.5,2],[5.25,1.75],[4,1.5],[16.25,6.25],[2.25,1],[0,5.75],[-22,9.75],[0,0],[-1,4.75],[-0.5,0],[-22.25,-9.5],[-2.25,-0.25],[0,0],[-4.75,0.5],[-17,1.75],[-4.25,1.5],[-0.5,0],[-0.75,-0.25],[-1,-1.25],[0,0],[-5,-2.25],[-3.5,-1.5],[-15.75,-7.5],[-2,-1],[0,-8.5],[4.25,-2],[8,-3],[38.5,-14.75],[0.5,-0.25],[3.25,0]],"v":[[30,-76.5],[54.25,-67.25],[75.25,-59.25],[92.25,-52.75],[108,-46.75],[120.5,-42],[169.5,-22.75],[172.25,-16.75],[162,-6.75],[96.75,23.25],[96.75,80.5],[88.5,87.25],[86,86.75],[20,70.5],[13,70],[-12.25,70],[-26.5,71.25],[-77.5,83.5],[-88,87.25],[-91.75,86.25],[-94,84.75],[-96,80.5],[-96,23.5],[-111.5,16.25],[-122.5,11.25],[-169.75,-10.75],[-172.25,-16.75],[-157.25,-28],[-143.5,-33.25],[-119.25,-42.5],[-2.75,-87],[0,-87.25]],"c":true},"ix":2},"nm":"Caminho 1","mn":"ADBE Vector Shape - Group","hd":false},{"ind":1,"ty":"sh","ix":2,"ks":{"a":0,"k":{"i":[[0,0],[0,0],[0,0],[23,1.75],[0.75,0],[0,0],[26.5,-11.75],[0,0],[0,0],[0,0]],"o":[[0,0],[0,0],[-23.25,-11],[-2.75,-0.25],[0,0],[-26.75,1.5],[0,0],[0,0],[0,0],[0,0]],"v":[[164.25,-16.5],[88.75,18],[88.75,79.5],[18,62.25],[9.25,61.75],[-8.5,61.75],[-88,79.25],[-88,18.25],[-164.25,-16.5],[0,-79.25]],"c":true},"ix":2},"nm":"Caminho 2","mn":"ADBE Vector Shape - Group","hd":false},{"ty":"mm","mm":1,"nm":"Mesclar caminhos 1","mn":"ADBE Vector Filter - Merge","hd":false},{"ty":"fl","c":{"a":0,"k":[1,1,1,1],"ix":4},"o":{"a":0,"k":100,"ix":5},"r":1,"nm":"Preenchimento 1","mn":"ADBE Vector Graphic - Fill","hd":false},{"ty":"tr","p":{"a":0,"k":[172.5,87.5],"ix":2},"a":{"a":0,"k":[0,0],"ix":1},"s":{"a":0,"k":[100,100],"ix":3},"r":{"a":0,"k":0,"ix":6},"o":{"a":0,"k":100,"ix":7},"sk":{"a":0,"k":0,"ix":4},"sa":{"a":0,"k":0,"ix":5},"nm":"Transformar"}],"nm":"Grupo 2","np":4,"cix":2,"ix":6,"mn":"ADBE Vector Group","hd":false}],"ip":25,"op":98,"st":25,"bm":0},{"ddd":0,"ind":4,"ty":4,"nm":"olhos","parent":6,"sr":1,"ks":{"o":{"a":0,"k":100,"ix":11},"r":{"a":0,"k":0,"ix":10},"p":{"a":1,"k":[{"i":{"x":0.556,"y":1},"o":{"x":0,"y":0},"n":"0p556_1_0_0","t":14,"s":[66.199,24.163,0],"e":[72.122,39.158,0],"to":[0,0,0],"ti":[0,0,0]},{"i":{"x":0.713,"y":1},"o":{"x":0.368,"y":0},"n":"0p713_1_0p368_0","t":18,"s":[72.122,39.158,0],"e":[66.199,24.163,0],"to":[0,0,0],"ti":[0,0,0]},{"i":{"x":0.667,"y":1},"o":{"x":0.167,"y":0.167},"n":"0p667_1_0p167_0p167","t":32,"s":[66.199,24.163,0],"e":[70.609,25.423,0],"to":[0.73495787382126,0.20998796820641,0],"ti":[-0.73586392402649,0.00002251236401,0]},{"i":{"x":0.667,"y":1},"o":{"x":0.167,"y":0.167},"n":"0p667_1_0p167_0p167","t":42,"s":[70.609,25.423,0],"e":[70.614,24.163,0],"to":[0.73586392402649,-0.00002251236401,0],"ti":[-0.00592718925327,-2.71148085594177,0]},{"i":{"x":0.667,"y":1},"o":{"x":0.167,"y":0.167},"n":"0p667_1_0p167_0p167","t":49,"s":[70.614,24.163,0],"e":[70.644,41.692,0],"to":[0.00592718925327,2.71148085594177,0],"ti":[0.00090604851721,-2.30989003181458,0]},{"i":{"x":0.667,"y":1},"o":{"x":0.167,"y":0.167},"n":"0p667_1_0p167_0p167","t":54,"s":[70.644,41.692,0],"e":[70.609,38.022,0],"to":[-0.00090604851721,2.30989003181458,0],"ti":[0.00592718925327,0.61160117387772,0]},{"i":{"x":0.667,"y":0.667},"o":{"x":0.167,"y":0.167},"n":"0p667_0p667_0p167_0p167","t":59,"s":[70.609,38.022,0],"e":[70.609,38.022,0],"to":[0,0,0],"ti":[0,0,0]},{"i":{"x":0.667,"y":1},"o":{"x":0.167,"y":0.167},"n":"0p667_1_0p167_0p167","t":92,"s":[70.609,38.022,0],"e":[71.869,24.879,0],"to":[0.20998796820641,-2.19045829772949,0],"ti":[-0.62018144130707,2.41896653175354,0]},{"i":{"x":0.667,"y":1},"o":{"x":0.167,"y":0.167},"n":"0p667_1_0p167_0p167","t":96,"s":[71.869,24.879,0],"e":[74.33,23.508,0],"to":[0.62018144130707,-2.41896653175354,0],"ti":[0.82549226284027,0.21753469109535,0]},{"i":{"x":0.667,"y":1},"o":{"x":0.167,"y":0.167},"n":"0p667_1_0p167_0p167","t":104,"s":[74.33,23.508,0],"e":[66.916,23.574,0],"to":[-0.82549226284027,-0.21753469109535,0],"ti":[0.36852926015854,-0.15658482909203,0]},{"i":{"x":0.667,"y":1},"o":{"x":0.167,"y":0.167},"n":"0p667_1_0p167_0p167","t":111,"s":[66.916,23.574,0],"e":[72.119,24.448,0],"to":[-0.36852926015854,0.15658482909203,0],"ti":[-0.86715650558472,-0.14561122655869,0]},{"i":{"x":0.667,"y":0.667},"o":{"x":0.167,"y":0.167},"n":"0p667_0p667_0p167_0p167","t":115,"s":[72.119,24.448,0],"e":[72.119,24.448,0],"to":[0,0,0],"ti":[0,0,0]},{"i":{"x":0.667,"y":1},"o":{"x":0.167,"y":0.167},"n":"0p667_1_0p167_0p167","t":128,"s":[72.119,24.448,0],"e":[70.609,38.022,0],"to":[-0.25165218114853,2.26238179206848,0],"ti":[0.25165218114853,-2.26238179206848,0]},{"i":{"x":0.667,"y":0.667},"o":{"x":0.167,"y":0.167},"n":"0p667_0p667_0p167_0p167","t":134,"s":[70.609,38.022,0],"e":[70.609,38.022,0],"to":[0,0,0],"ti":[0,0,0]},{"t":163}],"ix":2},"a":{"a":0,"k":[46.25,15.25,0],"ix":1},"s":{"a":1,"k":[{"i":{"x":[0.805,0.805,0.805],"y":[1,1,1]},"o":{"x":[0.438,0.438,0.438],"y":[0,0,0]},"n":["0p805_1_0p438_0","0p805_1_0p438_0","0p805_1_0p438_0"],"t":14,"s":[26.047,15.864,100],"e":[100,100,100]},{"i":{"x":[0.667,0.667,0.667],"y":[1,1,1]},"o":{"x":[0.167,0.167,0.167],"y":[0,0,0]},"n":["0p667_1_0p167_0","0p667_1_0p167_0","0p667_1_0p167_0"],"t":18,"s":[100,100,100],"e":[100,100,100]},{"i":{"x":[0.667,0.667,0.667],"y":[1,1,1]},"o":{"x":[0.167,0.167,0.167],"y":[0,0.167,0]},"n":["0p667_1_0p167_0","0p667_1_0p167_0p167","0p667_1_0p167_0"],"t":38,"s":[100,100,100],"e":[100,9.485,100]},{"i":{"x":[0.667,0.667,0.667],"y":[1,1,1]},"o":{"x":[0.167,0.167,0.167],"y":[0,0.167,0]},"n":["0p667_1_0p167_0","0p667_1_0p167_0p167","0p667_1_0p167_0"],"t":42,"s":[100,9.485,100],"e":[100,100,100]},{"i":{"x":[0.667,0.667,0.667],"y":[1,1,1]},"o":{"x":[0.167,0.167,0.167],"y":[0,0,0]},"n":["0p667_1_0p167_0","0p667_1_0p167_0","0p667_1_0p167_0"],"t":46,"s":[100,100,100],"e":[100,100,100]},{"i":{"x":[0.667,0.667,0.667],"y":[1,1,1]},"o":{"x":[0.167,0.167,0.167],"y":[0,0.167,0]},"n":["0p667_1_0p167_0","0p667_1_0p167_0p167","0p667_1_0p167_0"],"t":74,"s":[100,100,100],"e":[100,9.485,100]},{"i":{"x":[0.667,0.667,0.667],"y":[1,1,1]},"o":{"x":[0.167,0.167,0.167],"y":[0,0.167,0]},"n":["0p667_1_0p167_0","0p667_1_0p167_0p167","0p667_1_0p167_0"],"t":78,"s":[100,9.485,100],"e":[100,100,100]},{"i":{"x":[0.667,0.667,0.667],"y":[1,1,1]},"o":{"x":[0.167,0.167,0.167],"y":[0,0,0]},"n":["0p667_1_0p167_0","0p667_1_0p167_0","0p667_1_0p167_0"],"t":82,"s":[100,100,100],"e":[100,100,100]},{"i":{"x":[0.667,0.667,0.667],"y":[1,1,1]},"o":{"x":[0.167,0.167,0.167],"y":[0,0.167,0]},"n":["0p667_1_0p167_0","0p667_1_0p167_0p167","0p667_1_0p167_0"],"t":107,"s":[100,100,100],"e":[100,9.485,100]},{"i":{"x":[0.667,0.667,0.667],"y":[1,1,1]},"o":{"x":[0.167,0.167,0.167],"y":[0,0.167,0]},"n":["0p667_1_0p167_0","0p667_1_0p167_0p167","0p667_1_0p167_0"],"t":111,"s":[100,9.485,100],"e":[100,100,100]},{"i":{"x":[0.667,0.667,0.667],"y":[1,1,1]},"o":{"x":[0.167,0.167,0.167],"y":[0,0,0]},"n":["0p667_1_0p167_0","0p667_1_0p167_0","0p667_1_0p167_0"],"t":115,"s":[100,100,100],"e":[100,100,100]},{"i":{"x":[0.667,0.667,0.667],"y":[1,1,1]},"o":{"x":[0.167,0.167,0.167],"y":[0,0.167,0]},"n":["0p667_1_0p167_0","0p667_1_0p167_0p167","0p667_1_0p167_0"],"t":136,"s":[100,100,100],"e":[100,9.485,100]},{"i":{"x":[0.667,0.667,0.667],"y":[1,1,1]},"o":{"x":[0.167,0.167,0.167],"y":[0,0.167,0]},"n":["0p667_1_0p167_0","0p667_1_0p167_0p167","0p667_1_0p167_0"],"t":140,"s":[100,9.485,100],"e":[100,100,100]},{"i":{"x":[0.667,0.667,0.667],"y":[1,1,1]},"o":{"x":[0.167,0.167,0.167],"y":[0,0,0]},"n":["0p667_1_0p167_0","0p667_1_0p167_0","0p667_1_0p167_0"],"t":144,"s":[100,100,100],"e":[100,100,100]},{"t":163}],"ix":6}},"ao":0,"shapes":[{"ty":"gr","it":[{"ind":0,"ty":"sh","ix":1,"ks":{"a":0,"k":{"i":[[0,8.28],[-8.28,0],[0,-8.28],[8.28,0]],"o":[[0,-8.28],[8.28,0],[0,8.28],[-8.28,0]],"v":[[-15,0],[0,-15],[15,0],[0,15]],"c":true},"ix":2},"nm":"Caminho 1","mn":"ADBE Vector Shape - Group","hd":false},{"ty":"fl","c":{"a":0,"k":[1,1,1,1],"ix":4},"o":{"a":0,"k":100,"ix":5},"r":1,"nm":"Preenchimento 1","mn":"ADBE Vector Graphic - Fill","hd":false},{"ty":"tr","p":{"a":0,"k":[77.25,15.25],"ix":2},"a":{"a":0,"k":[0,0],"ix":1},"s":{"a":0,"k":[100,100],"ix":3},"r":{"a":0,"k":0,"ix":6},"o":{"a":0,"k":100,"ix":7},"sk":{"a":0,"k":0,"ix":4},"sa":{"a":0,"k":0,"ix":5},"nm":"Transformar"}],"nm":"Grupo 1","np":2,"cix":2,"ix":1,"mn":"ADBE Vector Group","hd":false},{"ty":"gr","it":[{"ind":0,"ty":"sh","ix":1,"ks":{"a":0,"k":{"i":[[0,8.28],[-8.28,0],[0,-8.28],[8.28,0]],"o":[[0,-8.28],[8.28,0],[0,8.28],[-8.28,0]],"v":[[-15,0],[0,-15],[15,0],[0,15]],"c":true},"ix":2},"nm":"Caminho 1","mn":"ADBE Vector Shape - Group","hd":false},{"ty":"fl","c":{"a":0,"k":[1,1,1,1],"ix":4},"o":{"a":0,"k":100,"ix":5},"r":1,"nm":"Preenchimento 1","mn":"ADBE Vector Graphic - Fill","hd":false},{"ty":"tr","p":{"a":0,"k":[15.25,15.25],"ix":2},"a":{"a":0,"k":[0,0],"ix":1},"s":{"a":0,"k":[100,100],"ix":3},"r":{"a":0,"k":0,"ix":6},"o":{"a":0,"k":100,"ix":7},"sk":{"a":0,"k":0,"ix":4},"sa":{"a":0,"k":0,"ix":5},"nm":"Transformar"}],"nm":"Grupo 2","np":2,"cix":2,"ix":2,"mn":"ADBE Vector Group","hd":false}],"ip":0,"op":170,"st":32,"bm":0},{"ddd":0,"ind":5,"ty":4,"nm":"boca","parent":7,"sr":1,"ks":{"o":{"a":0,"k":100,"ix":11},"r":{"a":0,"k":0,"ix":10},"p":{"a":0,"k":[99.145,201.5,0],"ix":2},"a":{"a":0,"k":[18.125,10.125,0],"ix":1},"s":{"a":1,"k":[{"i":{"x":[0.833,0.833,0.833],"y":[0.833,0.833,0.833]},"o":{"x":[0.167,0.167,0.167],"y":[0.167,0.167,0.167]},"n":["0p833_0p833_0p167_0p167","0p833_0p833_0p167_0p167","0p833_0p833_0p167_0p167"],"t":11,"s":[16.83,117.309,100],"e":[100,100,100]},{"t":16}],"ix":6}},"ao":0,"shapes":[{"ty":"gr","it":[{"ind":0,"ty":"sh","ix":1,"ks":{"a":1,"k":[{"i":{"x":0.667,"y":1},"o":{"x":0.167,"y":0.167},"n":"0p667_1_0p167_0p167","t":40,"s":[{"i":[[0.997,-0.071],[7.75,0],[10.624,0.082],[-1.75,0],[-1.953,-0.019],[-3.753,-0.024],[-7.786,-0.048],[-1.809,-0.356]],"o":[[-6.857,0.489],[-9.75,0],[-1.75,-0.013],[3.75,0],[5.134,0.454],[5,0.032],[4.183,-0.048],[2.453,0.482]],"v":[[22.127,8.967],[-0.125,9.875],[-25.435,8.429],[-23.944,4.234],[-14.275,3.805],[0.125,4.125],[13.45,3.677],[21.49,4.299]],"c":true}],"e":[{"i":[[0,-1],[7.75,0],[0,7.5],[-1.75,0],[-1.25,-2.25],[-3.75,0],[-0.25,6.75],[-1.5,0]],"o":[[0,10],[-9.75,0],[0,-1.75],[3.75,0],[2.75,4.75],[5,0],[0.5,-2.25],[2.5,0]],"v":[[18.806,-10.431],[-0.125,9.875],[-18.7,-10.323],[-15.95,-13.573],[-11.95,-7.073],[0.125,4.125],[12.806,-10.681],[15.806,-13.681]],"c":true}]},{"i":{"x":0.667,"y":1},"o":{"x":0.167,"y":0.167},"n":"0p667_1_0p167_0p167","t":50,"s":[{"i":[[0,-1],[7.75,0],[0,7.5],[-1.75,0],[-1.25,-2.25],[-3.75,0],[-0.25,6.75],[-1.5,0]],"o":[[0,10],[-9.75,0],[0,-1.75],[3.75,0],[2.75,4.75],[5,0],[0.5,-2.25],[2.5,0]],"v":[[18.806,-10.431],[-0.125,9.875],[-18.7,-10.323],[-15.95,-13.573],[-11.95,-7.073],[0.125,4.125],[12.806,-10.681],[15.806,-13.681]],"c":true}],"e":[{"i":[[0,-1],[7.75,0],[0,7.5],[-1.75,0],[-1.25,-2.25],[-3.75,0],[-0.25,6.75],[-1.5,0]],"o":[[0,10],[-9.75,0],[0,-1.75],[3.75,0],[2.75,4.75],[5,0],[0.5,-2.25],[2.5,0]],"v":[[17.875,-6.625],[-0.125,9.875],[-17.875,-6.375],[-15.125,-9.625],[-11.125,-3.125],[0.125,4.125],[11.875,-6.875],[14.875,-9.875]],"c":true}]},{"i":{"x":0.667,"y":1},"o":{"x":0.167,"y":0.167},"n":"0p667_1_0p167_0p167","t":56,"s":[{"i":[[0,-1],[7.75,0],[0,7.5],[-1.75,0],[-1.25,-2.25],[-3.75,0],[-0.25,6.75],[-1.5,0]],"o":[[0,10],[-9.75,0],[0,-1.75],[3.75,0],[2.75,4.75],[5,0],[0.5,-2.25],[2.5,0]],"v":[[17.875,-6.625],[-0.125,9.875],[-17.875,-6.375],[-15.125,-9.625],[-11.125,-3.125],[0.125,4.125],[11.875,-6.875],[14.875,-9.875]],"c":true}],"e":[{"i":[[0,-1],[7.75,0],[0,7.5],[-1.75,0],[-1.25,-2.25],[-3.75,0],[-0.25,6.75],[-1.5,0]],"o":[[0,10],[-9.75,0],[0,-1.75],[3.75,0],[2.75,4.75],[5,0],[0.5,-2.25],[2.5,0]],"v":[[17.875,-6.625],[-0.125,9.875],[-17.875,-6.375],[-15.125,-9.625],[-11.125,-3.125],[0.125,4.125],[11.875,-6.875],[14.875,-9.875]],"c":true}]},{"t":163}],"ix":2},"nm":"Caminho 1","mn":"ADBE Vector Shape - Group","hd":false},{"ty":"fl","c":{"a":0,"k":[1,1,1,1],"ix":4},"o":{"a":0,"k":100,"ix":5},"r":1,"nm":"Preenchimento 1","mn":"ADBE Vector Graphic - Fill","hd":false},{"ty":"tr","p":{"a":0,"k":[18.125,10.125],"ix":2},"a":{"a":0,"k":[0,0],"ix":1},"s":{"a":0,"k":[100,100],"ix":3},"r":{"a":0,"k":0,"ix":6},"o":{"a":0,"k":100,"ix":7},"sk":{"a":0,"k":0,"ix":4},"sa":{"a":0,"k":0,"ix":5},"nm":"Transformar"}],"nm":"Grupo 1","np":2,"cix":2,"ix":1,"mn":"ADBE Vector Group","hd":false}],"ip":0,"op":170,"st":32,"bm":0},{"ddd":0,"ind":6,"ty":4,"nm":"oculos","parent":7,"sr":1,"ks":{"o":{"a":0,"k":100,"ix":11},"r":{"a":0,"k":0,"ix":10},"p":{"a":1,"k":[{"i":{"x":0.667,"y":0.667},"o":{"x":0.167,"y":0.167},"n":"0p667_0p667_0p167_0p167","t":9,"s":[99.145,137.528,0],"e":[99.145,137.528,0],"to":[0,0,0],"ti":[0,0,0]},{"i":{"x":0.667,"y":0.667},"o":{"x":0.167,"y":0.167},"n":"0p667_0p667_0p167_0p167","t":16,"s":[99.145,137.528,0],"e":[99.145,137.528,0],"to":[0,0,0],"ti":[0,0,0]},{"i":{"x":0.667,"y":1},"o":{"x":0.167,"y":0.167},"n":"0p667_1_0p167_0p167","t":35,"s":[99.145,137.528,0],"e":[98.967,141.74,0],"to":[-0.02961910702288,0.70200234651566,0],"ti":[0.06030451133847,0.27199423313141,0]},{"i":{"x":0.667,"y":1},"o":{"x":0.167,"y":0.167},"n":"0p667_1_0p167_0p167","t":42,"s":[98.967,141.74,0],"e":[98.783,135.896,0],"to":[-0.06030451133847,-0.27199423313141,0],"ti":[0.03889347612858,0.53598862886429,0]},{"i":{"x":0.667,"y":1},"o":{"x":0.167,"y":0.167},"n":"0p667_1_0p167_0p167","t":49,"s":[98.783,135.896,0],"e":[98.734,138.524,0],"to":[-0.03889347612858,-0.53598862886429,0],"ti":[-0.06030451133847,-0.27199423313141,0]},{"i":{"x":0.667,"y":1},"o":{"x":0.167,"y":0.167},"n":"0p667_1_0p167_0p167","t":54,"s":[98.734,138.524,0],"e":[99.145,137.528,0],"to":[0.06030451133847,0.27199423313141,0],"ti":[-0.06851258128881,0.16601376235485,0]},{"t":59}],"ix":2},"a":{"a":0,"k":[71.875,32,0],"ix":1},"s":{"a":1,"k":[{"i":{"x":[0.833,0.833,0.833],"y":[0.833,0.833,0.833]},"o":{"x":[0.167,0.167,0.167],"y":[0.167,0.167,0.167]},"n":["0p833_0p833_0p167_0p167","0p833_0p833_0p167_0p167","0p833_0p833_0p167_0p167"],"t":9,"s":[1.713,1.713,100],"e":[100,100,100]},{"t":16}],"ix":6}},"ao":0,"shapes":[{"ty":"gr","it":[{"ind":0,"ty":"sh","ix":1,"ks":{"a":0,"k":{"i":[[0,0],[-9.39,0],[0,0],[0,-9.39],[0,0],[9.39,0],[0,0],[0,9.39]],"o":[[0,-9.39],[0,0],[9.39,0],[0,0],[0,9.39],[0,0],[-9.39,0],[0,0]],"v":[[-30.665,-11.5],[-13.665,-28.5],[13.665,-28.5],[30.665,-11.5],[30.665,11.5],[13.665,28.5],[-13.665,28.5],[-30.665,11.5]],"c":true},"ix":2},"nm":"Caminho 1","mn":"ADBE Vector Shape - Group","hd":false},{"ty":"fl","c":{"a":0,"k":[0.015686275437,0.243137255311,0.423529416323,1],"ix":4},"o":{"a":0,"k":100,"ix":5},"r":1,"nm":"Preenchimento 1","mn":"ADBE Vector Graphic - Fill","hd":false},{"ty":"tr","p":{"a":0,"k":[110.035,32.03],"ix":2},"a":{"a":0,"k":[0,0],"ix":1},"s":{"a":0,"k":[90.933,88.529],"ix":3},"r":{"a":0,"k":0,"ix":6},"o":{"a":0,"k":100,"ix":7},"sk":{"a":0,"k":0,"ix":4},"sa":{"a":0,"k":0,"ix":5},"nm":"Transformar"}],"nm":"Grupo 4","np":2,"cix":2,"ix":1,"mn":"ADBE Vector Group","hd":false},{"ty":"gr","it":[{"ind":0,"ty":"sh","ix":1,"ks":{"a":0,"k":{"i":[[0,0],[-9.39,0],[0,0],[0,-9.39],[0,0],[9.39,0],[0,0],[0,9.39]],"o":[[0,-9.39],[0,0],[9.39,0],[0,0],[0,9.39],[0,0],[-9.39,0],[0,0]],"v":[[-30.665,-11.5],[-13.665,-28.5],[13.665,-28.5],[30.665,-11.5],[30.665,11.5],[13.665,28.5],[-13.665,28.5],[-30.665,11.5]],"c":true},"ix":2},"nm":"Caminho 1","mn":"ADBE Vector Shape - Group","hd":false},{"ty":"fl","c":{"a":0,"k":[0.015686275437,0.243137255311,0.423529416323,1],"ix":4},"o":{"a":0,"k":100,"ix":5},"r":1,"nm":"Preenchimento 1","mn":"ADBE Vector Graphic - Fill","hd":false},{"ty":"tr","p":{"a":0,"k":[33.535,32.03],"ix":2},"a":{"a":0,"k":[0,0],"ix":1},"s":{"a":0,"k":[90.941,88.655],"ix":3},"r":{"a":0,"k":0,"ix":6},"o":{"a":0,"k":100,"ix":7},"sk":{"a":0,"k":0,"ix":4},"sa":{"a":0,"k":0,"ix":5},"nm":"Transformar"}],"nm":"Grupo 5","np":2,"cix":2,"ix":2,"mn":"ADBE Vector Group","hd":false},{"ty":"gr","it":[{"ind":0,"ty":"sh","ix":1,"ks":{"a":0,"k":{"i":[[0,0],[0,-7.25],[0,0],[8.25,0],[0,0],[0.5,0],[0,7.5],[0,0],[0,0.75],[-6.75,-0.5]],"o":[[10,-0.25],[0,0],[-0.75,9.25],[0,0],[-0.5,-0.25],[-9,-1.25],[0,0],[0.25,-1],[1,-8],[0,0]],"v":[[14.625,-31.25],[33.625,-13.5],[33.625,13.75],[14.875,31.75],[-15.125,31.75],[-17.125,31.25],[-33.625,13.25],[-33.625,-13],[-33.125,-16],[-14.625,-31.25]],"c":true},"ix":2},"nm":"Caminho 1","mn":"ADBE Vector Shape - Group","hd":false},{"ind":1,"ty":"sh","ix":2,"ks":{"a":0,"k":{"i":[[0,0],[0,-5.25],[0,0],[4.5,0],[0,0],[0,5],[0,0],[-5.25,0]],"o":[[4.25,0],[0,0],[-1,5.75],[0,0],[-5.25,-0.25],[0,0],[0.5,-5.25],[0,0]],"v":[[15.125,-25],[27.375,-13.75],[27.375,14],[15.375,25.5],[-15.625,25.5],[-27.375,13.75],[-27.375,-13.5],[-15.125,-25]],"c":true},"ix":2},"nm":"Caminho 2","mn":"ADBE Vector Shape - Group","hd":false},{"ty":"mm","mm":1,"nm":"Mesclar caminhos 1","mn":"ADBE Vector Filter - Merge","hd":false},{"ty":"fl","c":{"a":0,"k":[1,1,1,1],"ix":4},"o":{"a":0,"k":100,"ix":5},"r":1,"nm":"Preenchimento 1","mn":"ADBE Vector Graphic - Fill","hd":false},{"ty":"tr","p":{"a":0,"k":[33.875,32],"ix":2},"a":{"a":0,"k":[0,0],"ix":1},"s":{"a":0,"k":[100,100],"ix":3},"r":{"a":0,"k":0,"ix":6},"o":{"a":0,"k":100,"ix":7},"sk":{"a":0,"k":0,"ix":4},"sa":{"a":0,"k":0,"ix":5},"nm":"Transformar"}],"nm":"Grupo 1","np":4,"cix":2,"ix":3,"mn":"ADBE Vector Group","hd":false},{"ty":"gr","it":[{"ind":0,"ty":"sh","ix":1,"ks":{"a":0,"k":{"i":[[0,0],[0,-7.25],[0,0],[8.25,0],[0,0],[0.5,0],[0,7.5],[0,0],[0,0.75],[-6.75,-0.5]],"o":[[10,-0.25],[0,0],[-0.75,9.25],[0,0],[-0.5,-0.25],[-9,-1.25],[0,0],[0.25,-1],[1,-8],[0,0]],"v":[[14.625,-31.25],[33.625,-13.5],[33.625,13.75],[14.875,31.75],[-15.125,31.75],[-17.125,31.25],[-33.625,13.25],[-33.625,-13],[-33.125,-16],[-14.625,-31.25]],"c":true},"ix":2},"nm":"Caminho 1","mn":"ADBE Vector Shape - Group","hd":false},{"ind":1,"ty":"sh","ix":2,"ks":{"a":0,"k":{"i":[[0,0],[0,-5.25],[0,0],[4.5,0],[0,0],[0,5],[0,0],[-5.25,0]],"o":[[4.25,0],[0,0],[-1,5.75],[0,0],[-5.25,-0.25],[0,0],[0.5,-5.25],[0,0]],"v":[[15.125,-25],[27.375,-13.75],[27.375,14],[15.375,25.5],[-15.625,25.5],[-27.375,13.75],[-27.375,-13.5],[-15.125,-25]],"c":true},"ix":2},"nm":"Caminho 2","mn":"ADBE Vector Shape - Group","hd":false},{"ty":"mm","mm":1,"nm":"Mesclar caminhos 1","mn":"ADBE Vector Filter - Merge","hd":false},{"ty":"fl","c":{"a":0,"k":[1,1,1,1],"ix":4},"o":{"a":0,"k":100,"ix":5},"r":1,"nm":"Preenchimento 1","mn":"ADBE Vector Graphic - Fill","hd":false},{"ty":"tr","p":{"a":0,"k":[109.875,32],"ix":2},"a":{"a":0,"k":[0,0],"ix":1},"s":{"a":0,"k":[100,100],"ix":3},"r":{"a":0,"k":0,"ix":6},"o":{"a":0,"k":100,"ix":7},"sk":{"a":0,"k":0,"ix":4},"sa":{"a":0,"k":0,"ix":5},"nm":"Transformar"}],"nm":"Grupo 2","np":4,"cix":2,"ix":4,"mn":"ADBE Vector Group","hd":false},{"ty":"gr","it":[{"ind":0,"ty":"sh","ix":1,"ks":{"a":0,"k":{"i":[[0,0],[0,0],[0,0],[0,0]],"o":[[0,0],[0,0],[0,0],[0,0]],"v":[[-6.5,-5],[6.5,-5],[6.5,5],[-6.5,5]],"c":true},"ix":2},"nm":"Caminho 1","mn":"ADBE Vector Shape - Group","hd":false},{"ty":"fl","c":{"a":0,"k":[1,1,1,1],"ix":4},"o":{"a":0,"k":100,"ix":5},"r":1,"nm":"Preenchimento 1","mn":"ADBE Vector Graphic - Fill","hd":false},{"ty":"tr","p":{"a":0,"k":[72.87,35.78],"ix":2},"a":{"a":0,"k":[0,0],"ix":1},"s":{"a":0,"k":[100,100],"ix":3},"r":{"a":0,"k":0,"ix":6},"o":{"a":0,"k":100,"ix":7},"sk":{"a":0,"k":0,"ix":4},"sa":{"a":0,"k":0,"ix":5},"nm":"Transformar"}],"nm":"Grupo 3","np":2,"cix":2,"ix":5,"mn":"ADBE Vector Group","hd":false}],"ip":0,"op":170,"st":32,"bm":0},{"ddd":0,"ind":7,"ty":4,"nm":"cabeca","sr":1,"ks":{"o":{"a":0,"k":100,"ix":11},"r":{"a":1,"k":[{"i":{"x":[0.667],"y":[1]},"o":{"x":[0.167],"y":[0]},"n":["0p667_1_0p167_0"],"t":0,"s":[0],"e":[0]},{"i":{"x":[0.667],"y":[1]},"o":{"x":[0.167],"y":[0.167]},"n":["0p667_1_0p167_0p167"],"t":35,"s":[0],"e":[-2.748]},{"i":{"x":[0.667],"y":[1]},"o":{"x":[0.167],"y":[0.167]},"n":["0p667_1_0p167_0p167"],"t":42,"s":[-2.748],"e":[1.631]},{"i":{"x":[0.667],"y":[1]},"o":{"x":[0.167],"y":[0.167]},"n":["0p667_1_0p167_0p167"],"t":49,"s":[1.631],"e":[-1.12]},{"i":{"x":[0.667],"y":[1]},"o":{"x":[0.167],"y":[0.167]},"n":["0p667_1_0p167_0p167"],"t":54,"s":[-1.12],"e":[0]},{"i":{"x":[0.579],"y":[1]},"o":{"x":[0.231],"y":[0]},"n":["0p579_1_0p231_0"],"t":59,"s":[0],"e":[-0.726]},{"i":{"x":[0.637],"y":[0.964]},"o":{"x":[0.295],"y":[0]},"n":["0p637_0p964_0p295_0"],"t":65,"s":[-0.726],"e":[1.99]},{"i":{"x":[0.704],"y":[1]},"o":{"x":[0.332],"y":[-0.108]},"n":["0p704_1_0p332_-0p108"],"t":73,"s":[1.99],"e":[0]},{"i":{"x":[0.667],"y":[1]},"o":{"x":[0.167],"y":[0]},"n":["0p667_1_0p167_0"],"t":92,"s":[0],"e":[0]},{"i":{"x":[0.667],"y":[1]},"o":{"x":[0.167],"y":[0.167]},"n":["0p667_1_0p167_0p167"],"t":100,"s":[0],"e":[3.195]},{"i":{"x":[0.667],"y":[1]},"o":{"x":[0.167],"y":[0.167]},"n":["0p667_1_0p167_0p167"],"t":105,"s":[3.195],"e":[0.447]},{"i":{"x":[0.667],"y":[1]},"o":{"x":[0.167],"y":[0.167]},"n":["0p667_1_0p167_0p167"],"t":111,"s":[0.447],"e":[4.826]},{"i":{"x":[0.667],"y":[1]},"o":{"x":[0.167],"y":[0.167]},"n":["0p667_1_0p167_0p167"],"t":116,"s":[4.826],"e":[2.075]},{"i":{"x":[0.667],"y":[1]},"o":{"x":[0.167],"y":[0.167]},"n":["0p667_1_0p167_0p167"],"t":121,"s":[2.075],"e":[0]},{"i":{"x":[0.667],"y":[1]},"o":{"x":[0.167],"y":[0]},"n":["0p667_1_0p167_0"],"t":126,"s":[0],"e":[0]},{"t":163}],"ix":10},"p":{"a":1,"k":[{"i":{"x":0.667,"y":0.667},"o":{"x":0,"y":0},"n":"0p667_0p667_0_0","t":0,"s":[212.005,358.995,0],"e":[212.005,358.995,0],"to":[0,0,0],"ti":[0,0,0]},{"i":{"x":0.667,"y":0.667},"o":{"x":0,"y":0},"n":"0p667_0p667_0_0","t":11,"s":[212.005,358.995,0],"e":[212.005,358.995,0],"to":[0,0,0],"ti":[0,0,0]},{"i":{"x":0.667,"y":1},"o":{"x":0.167,"y":0.167},"n":"0p667_1_0p167_0p167","t":35,"s":[212.005,358.995,0],"e":[209.505,371.995,0],"to":[-0.41666665673256,2.16666674613953,0],"ti":[0.16666667163372,0.91666668653488,0]},{"i":{"x":0.667,"y":1},"o":{"x":0.167,"y":0.167},"n":"0p667_1_0p167_0p167","t":42,"s":[209.505,371.995,0],"e":[211.005,353.495,0],"to":[-0.16666667163372,-0.91666668653488,0],"ti":[-0.5,1.75,0]},{"i":{"x":0.667,"y":1},"o":{"x":0.167,"y":0.167},"n":"0p667_1_0p167_0p167","t":49,"s":[211.005,353.495,0],"e":[212.505,361.495,0],"to":[0.5,-1.75,0],"ti":[-0.16666667163372,-0.91666668653488,0]},{"i":{"x":0.667,"y":1},"o":{"x":0.167,"y":0.167},"n":"0p667_1_0p167_0p167","t":54,"s":[212.505,361.495,0],"e":[212.005,358.995,0],"to":[0.16666667163372,0.91666668653488,0],"ti":[0.08333333581686,0.41666665673256,0]},{"i":{"x":0.667,"y":0.667},"o":{"x":0.167,"y":0.167},"n":"0p667_0p667_0p167_0p167","t":59,"s":[212.005,358.995,0],"e":[212.005,358.995,0],"to":[0,0,0],"ti":[0,0,0]},{"i":{"x":0.667,"y":1},"o":{"x":0.167,"y":0.167},"n":"0p667_1_0p167_0p167","t":92,"s":[212.005,358.995,0],"e":[212.005,363.995,0],"to":[0,0.83333331346512,0],"ti":[0,0,0]},{"i":{"x":0.667,"y":1},"o":{"x":0.167,"y":0.167},"n":"0p667_1_0p167_0p167","t":96,"s":[212.005,363.995,0],"e":[212.005,358.995,0],"to":[0,0,0],"ti":[0,0.83333331346512,0]},{"i":{"x":0.667,"y":0.667},"o":{"x":0.167,"y":0.167},"n":"0p667_0p667_0p167_0p167","t":100,"s":[212.005,358.995,0],"e":[212.005,358.995,0],"to":[0,0,0],"ti":[0,0,0]},{"i":{"x":0.667,"y":1},"o":{"x":0.167,"y":0.167},"n":"0p667_1_0p167_0p167","t":105,"s":[212.005,358.995,0],"e":[209.505,371.995,0],"to":[-0.41666665673256,2.16666674613953,0],"ti":[0.16666667163372,0.91666668653488,0]},{"i":{"x":0.667,"y":1},"o":{"x":0.167,"y":0.167},"n":"0p667_1_0p167_0p167","t":111,"s":[209.505,371.995,0],"e":[211.005,353.495,0],"to":[-0.16666667163372,-0.91666668653488,0],"ti":[-0.5,1.75,0]},{"i":{"x":0.667,"y":1},"o":{"x":0.167,"y":0.167},"n":"0p667_1_0p167_0p167","t":116,"s":[211.005,353.495,0],"e":[212.505,361.495,0],"to":[0.5,-1.75,0],"ti":[-0.16666667163372,-0.91666668653488,0]},{"i":{"x":0.667,"y":1},"o":{"x":0.167,"y":0.167},"n":"0p667_1_0p167_0p167","t":121,"s":[212.505,361.495,0],"e":[212.005,358.995,0],"to":[0.16666667163372,0.91666668653488,0],"ti":[0.08333333581686,0.41666665673256,0]},{"i":{"x":0.667,"y":0.667},"o":{"x":0.167,"y":0.167},"n":"0p667_0p667_0p167_0p167","t":126,"s":[212.005,358.995,0],"e":[212.005,358.995,0],"to":[0,0,0],"ti":[0,0,0]},{"t":163}],"ix":2},"a":{"a":0,"k":[96.625,122.125,0],"ix":1},"s":{"a":1,"k":[{"i":{"x":[0.833,0.833,0.833],"y":[1,1,1]},"o":{"x":[0.167,0.167,0.167],"y":[0,0,0]},"n":["0p833_1_0p167_0","0p833_1_0p167_0","0p833_1_0p167_0"],"t":0,"s":[1.549,1.549,100],"e":[87.671,85.934,100]},{"i":{"x":[0.667,0.667,0.667],"y":[1,1,1]},"o":{"x":[0.167,0.167,0.167],"y":[0,0,0]},"n":["0p667_1_0p167_0","0p667_1_0p167_0","0p667_1_0p167_0"],"t":11,"s":[87.671,85.934,100],"e":[79.37,79.37,100]},{"i":{"x":[0.667,0.667,0.667],"y":[1,1,1]},"o":{"x":[0.167,0.167,0.167],"y":[0.167,0.167,3.438]},"n":["0p667_1_0p167_0p167","0p667_1_0p167_0p167","0p667_1_0p167_3p438"],"t":35,"s":[79.37,79.37,100],"e":[80.924,71.143,100]},{"i":{"x":[0.667,0.667,0.667],"y":[1,1,1]},"o":{"x":[0.167,0.167,0.167],"y":[0.167,0.167,0]},"n":["0p667_1_0p167_0p167","0p667_1_0p167_0p167","0p667_1_0p167_0"],"t":42,"s":[80.924,71.143,100],"e":[77.295,85.523,100]},{"i":{"x":[0.667,0.667,0.667],"y":[1,1,1]},"o":{"x":[0.167,0.167,0.167],"y":[0.167,0.167,0]},"n":["0p667_1_0p167_0p167","0p667_1_0p167_0p167","0p667_1_0p167_0"],"t":49,"s":[77.295,85.523,100],"e":[79.37,76.088,100]},{"i":{"x":[0.667,0.667,0.667],"y":[1,1,1]},"o":{"x":[0.167,0.167,0.167],"y":[0,0.167,0]},"n":["0p667_1_0p167_0","0p667_1_0p167_0p167","0p667_1_0p167_0"],"t":54,"s":[79.37,76.088,100],"e":[79.37,79.37,100]},{"i":{"x":[0.667,0.667,0.667],"y":[1,1,1]},"o":{"x":[0.167,0.167,0.167],"y":[0,0,0]},"n":["0p667_1_0p167_0","0p667_1_0p167_0","0p667_1_0p167_0"],"t":59,"s":[79.37,79.37,100],"e":[79.37,79.37,100]},{"i":{"x":[0.667,0.667,0.667],"y":[1,1,1]},"o":{"x":[0.167,0.167,0.167],"y":[0,0.167,0]},"n":["0p667_1_0p167_0","0p667_1_0p167_0p167","0p667_1_0p167_0"],"t":92,"s":[79.37,79.37,100],"e":[79.37,76.088,100]},{"i":{"x":[0.667,0.667,0.667],"y":[1,1,1]},"o":{"x":[0.167,0.167,0.167],"y":[0,0.167,0]},"n":["0p667_1_0p167_0","0p667_1_0p167_0p167","0p667_1_0p167_0"],"t":96,"s":[79.37,76.088,100],"e":[79.37,79.37,100]},{"i":{"x":[0.667,0.667,0.667],"y":[1,1,1]},"o":{"x":[0.167,0.167,0.167],"y":[0,0,0]},"n":["0p667_1_0p167_0","0p667_1_0p167_0","0p667_1_0p167_0"],"t":100,"s":[79.37,79.37,100],"e":[79.37,79.37,100]},{"i":{"x":[0.667,0.667,0.667],"y":[1,1,1]},"o":{"x":[0.167,0.167,0.167],"y":[0.167,0.167,0]},"n":["0p667_1_0p167_0p167","0p667_1_0p167_0p167","0p667_1_0p167_0"],"t":105,"s":[79.37,79.37,100],"e":[80.924,71.143,100]},{"i":{"x":[0.667,0.667,0.667],"y":[1,1,1]},"o":{"x":[0.167,0.167,0.167],"y":[0.167,0.167,0]},"n":["0p667_1_0p167_0p167","0p667_1_0p167_0p167","0p667_1_0p167_0"],"t":111,"s":[80.924,71.143,100],"e":[77.295,85.523,100]},{"i":{"x":[0.667,0.667,0.667],"y":[1,1,1]},"o":{"x":[0.167,0.167,0.167],"y":[0.167,0.167,0]},"n":["0p667_1_0p167_0p167","0p667_1_0p167_0p167","0p667_1_0p167_0"],"t":116,"s":[77.295,85.523,100],"e":[79.37,76.088,100]},{"i":{"x":[0.667,0.667,0.667],"y":[1,1,1]},"o":{"x":[0.167,0.167,0.167],"y":[0,0.167,0]},"n":["0p667_1_0p167_0","0p667_1_0p167_0p167","0p667_1_0p167_0"],"t":121,"s":[79.37,76.088,100],"e":[79.37,79.37,100]},{"i":{"x":[0.667,0.667,0.667],"y":[1,1,1]},"o":{"x":[0.167,0.167,0.167],"y":[0,0,0]},"n":["0p667_1_0p167_0","0p667_1_0p167_0","0p667_1_0p167_0"],"t":126,"s":[79.37,79.37,100],"e":[79.37,79.37,100]},{"i":{"x":[0.833,0.833,0.833],"y":[0.833,0.833,0.833]},"o":{"x":[0.167,0.167,0.167],"y":[0.167,0.167,0.167]},"n":["0p833_0p833_0p167_0p167","0p833_0p833_0p167_0p167","0p833_0p833_0p167_0p167"],"t":160,"s":[79.37,79.37,100],"e":[0.511,0.511,100]},{"t":167}],"ix":6}},"ao":0,"shapes":[{"ty":"gr","it":[{"ind":0,"ty":"sh","ix":1,"ks":{"a":0,"k":{"i":[[0,0],[-46.67,0],[0,-46.67],[0,0],[46.67,0],[0,46.67]],"o":[[0,-46.67],[46.67,0],[0,0],[0,46.67],[-46.67,0],[0,0]],"v":[[-84.5,-25.5],[0,-110],[84.5,-25.5],[84.5,25.5],[0,110],[-84.5,25.5]],"c":true},"ix":2},"nm":"Caminho 1","mn":"ADBE Vector Shape - Group","hd":false},{"ty":"fl","c":{"a":0,"k":[0.015686275437,0.243137255311,0.423529416323,1],"ix":4},"o":{"a":0,"k":100,"ix":5},"r":1,"nm":"Preenchimento 1","mn":"ADBE Vector Graphic - Fill","hd":false},{"ty":"tr","p":{"a":0,"k":[96.62,122.13],"ix":2},"a":{"a":0,"k":[0,0],"ix":1},"s":{"a":0,"k":[100,100],"ix":3},"r":{"a":0,"k":0,"ix":6},"o":{"a":0,"k":100,"ix":7},"sk":{"a":0,"k":0,"ix":4},"sa":{"a":0,"k":0,"ix":5},"nm":"Transformar"}],"nm":"Grupo 2","np":2,"cix":2,"ix":1,"mn":"ADBE Vector Group","hd":false},{"ty":"gr","it":[{"ind":0,"ty":"sh","ix":1,"ks":{"a":0,"k":{"i":[[0,0],[-6.25,-1.75],[-12.5,-11],[-4.75,-13.75],[-0.75,-4.25],[0,-0.75],[0,0],[43.5,0],[15.75,48],[0,4.5],[0,0],[-0.75,4.5],[-25,14.25],[-3,1.25],[-2.25,0.75],[-4,0.75],[-4.75,0.5]],"o":[[6,0.75],[12.25,3.5],[14.25,12.5],[1.25,4],[0.5,3.75],[0,0],[-5.5,59.5],[-35.5,0],[-0.5,-1.75],[0,0],[0.5,-4.5],[3.75,-21],[2.75,-1.5],[2,-1],[3.75,-1.25],[4.5,-1],[0,0]],"v":[[6.125,-121.875],[24.875,-118.875],[63.375,-98.375],[90.875,-57.625],[94.625,-43.875],[96.375,-32.125],[96.375,31.875],[-0.125,121.875],[-92.375,53.875],[-96.375,32.375],[-96.375,-32.375],[-94.375,-46.375],[-48.875,-108.875],[-39.625,-113.625],[-32.875,-116.375],[-20.875,-119.875],[-6.375,-121.875]],"c":true},"ix":2},"nm":"Caminho 1","mn":"ADBE Vector Shape - Group","hd":false},{"ind":1,"ty":"sh","ix":2,"ks":{"a":0,"k":{"i":[[-13.5,-43],[0,-4.5],[0,0],[38.5,0],[13.5,42.75],[0,4.25],[0,0],[-38.5,0]],"o":[[0.5,2],[0,0],[-5,52],[-31.25,0],[-0.5,-2],[0,0],[4.75,-52.25],[31.25,0]],"v":[[80.875,-49.375],[84.375,-30.875],[84.375,30.625],[-0.125,109.875],[-81.125,49.375],[-84.375,30.875],[-84.375,-30.875],[-0.125,-109.875]],"c":true},"ix":2},"nm":"Caminho 2","mn":"ADBE Vector Shape - Group","hd":false},{"ty":"mm","mm":1,"nm":"Mesclar caminhos 1","mn":"ADBE Vector Filter - Merge","hd":false},{"ty":"fl","c":{"a":0,"k":[1,1,1,1],"ix":4},"o":{"a":0,"k":100,"ix":5},"r":1,"nm":"Preenchimento 1","mn":"ADBE Vector Graphic - Fill","hd":false},{"ty":"tr","p":{"a":0,"k":[96.625,122.125],"ix":2},"a":{"a":0,"k":[0,0],"ix":1},"s":{"a":0,"k":[100,100],"ix":3},"r":{"a":0,"k":0,"ix":6},"o":{"a":0,"k":100,"ix":7},"sk":{"a":0,"k":0,"ix":4},"sa":{"a":0,"k":0,"ix":5},"nm":"Transformar"}],"nm":"Grupo 1","np":4,"cix":2,"ix":2,"mn":"ADBE Vector Group","hd":false}],"ip":0,"op":170,"st":32,"bm":0},{"ddd":0,"ind":8,"ty":4,"nm":"corpo","sr":1,"ks":{"o":{"a":0,"k":100,"ix":11},"r":{"a":1,"k":[{"i":{"x":[0.667],"y":[1]},"o":{"x":[0.167],"y":[0]},"n":["0p667_1_0p167_0"],"t":0,"s":[0],"e":[0]},{"t":35}],"ix":10},"p":{"a":1,"k":[{"i":{"x":0.667,"y":1},"o":{"x":0.167,"y":0},"n":"0p667_1_0p167_0","t":0,"s":[214.5,358.5,0],"e":[214.5,468.5,0],"to":[0,18.3333339691162,0],"ti":[0,-18.3333339691162,0]},{"i":{"x":0.667,"y":0.667},"o":{"x":0.167,"y":0.167},"n":"0p667_0p667_0p167_0p167","t":11,"s":[214.5,468.5,0],"e":[214.5,468.5,0],"to":[0,0,0],"ti":[0,0,0]},{"i":{"x":0.667,"y":1},"o":{"x":0.167,"y":0.167},"n":"0p667_1_0p167_0p167","t":35,"s":[214.5,468.5,0],"e":[214.5,472.5,0],"to":[0,0.66666668653488,0],"ti":[0,0,0]},{"i":{"x":0.667,"y":1},"o":{"x":0.167,"y":0.167},"n":"0p667_1_0p167_0p167","t":42,"s":[214.5,472.5,0],"e":[214.5,468.5,0],"to":[0,0,0],"ti":[0,0.66666668653488,0]},{"i":{"x":0.667,"y":0.667},"o":{"x":0.167,"y":0.167},"n":"0p667_0p667_0p167_0p167","t":49,"s":[214.5,468.5,0],"e":[214.5,468.5,0],"to":[0,0,0],"ti":[0,0,0]},{"i":{"x":0.667,"y":0.667},"o":{"x":0.167,"y":0.167},"n":"0p667_0p667_0p167_0p167","t":54,"s":[214.5,468.5,0],"e":[214.5,468.5,0],"to":[0,0,0],"ti":[0,0,0]},{"i":{"x":0.667,"y":1},"o":{"x":0.167,"y":0.167},"n":"0p667_1_0p167_0p167","t":92,"s":[214.5,468.5,0],"e":[214.5,472.5,0],"to":[0,0.66666668653488,0],"ti":[0,0,0]},{"i":{"x":0.667,"y":1},"o":{"x":0.167,"y":0.167},"n":"0p667_1_0p167_0p167","t":96,"s":[214.5,472.5,0],"e":[214.5,468.5,0],"to":[0,0,0],"ti":[0,0.66666668653488,0]},{"i":{"x":0.667,"y":0.667},"o":{"x":0.167,"y":0.167},"n":"0p667_0p667_0p167_0p167","t":100,"s":[214.5,468.5,0],"e":[214.5,468.5,0],"to":[0,0,0],"ti":[0,0,0]},{"i":{"x":0.667,"y":1},"o":{"x":0.167,"y":0.167},"n":"0p667_1_0p167_0p167","t":105,"s":[214.5,468.5,0],"e":[214.5,472.5,0],"to":[0,0.66666668653488,0],"ti":[0,0,0]},{"i":{"x":0.667,"y":1},"o":{"x":0.167,"y":0.167},"n":"0p667_1_0p167_0p167","t":111,"s":[214.5,472.5,0],"e":[214.5,468.5,0],"to":[0,0,0],"ti":[0,0.66666668653488,0]},{"i":{"x":0.667,"y":0.667},"o":{"x":0.167,"y":0.167},"n":"0p667_0p667_0p167_0p167","t":116,"s":[214.5,468.5,0],"e":[214.5,468.5,0],"to":[0,0,0],"ti":[0,0,0]},{"i":{"x":0.833,"y":0.833},"o":{"x":0.167,"y":0.167},"n":"0p833_0p833_0p167_0p167","t":161,"s":[214.5,468.5,0],"e":[214.5,378.5,0],"to":[0,-15,0],"ti":[0,15,0]},{"t":168}],"ix":2},"a":{"a":0,"k":[125,66.75,0],"ix":1},"s":{"a":1,"k":[{"i":{"x":[0.577,0.577,0.577],"y":[0.791,0.779,-19.557]},"o":{"x":[0.184,0.184,0.184],"y":[0,0,0]},"n":["0p577_0p791_0p184_0","0p577_0p779_0p184_0","0p577_-19p557_0p184_0"],"t":0,"s":[-0.33,-0.33,100],"e":[77.621,77.621,100]},{"i":{"x":[0.703,0.703,0.703],"y":[1,1,1]},"o":{"x":[0.342,0.342,0.342],"y":[16.472,4.862,36.26]},"n":["0p703_1_0p342_16p472","0p703_1_0p342_4p862","0p703_1_0p342_36p26"],"t":11,"s":[77.621,77.621,100],"e":[79.37,83.881,100]},{"i":{"x":[0.667,0.667,0.667],"y":[1,1,1]},"o":{"x":[0.167,0.167,0.167],"y":[0,0.167,0]},"n":["0p667_1_0p167_0","0p667_1_0p167_0p167","0p667_1_0p167_0"],"t":35,"s":[79.37,83.881,100],"e":[79.37,76.362,100]},{"i":{"x":[0.667,0.667,0.667],"y":[1,1,1]},"o":{"x":[0.167,0.167,0.167],"y":[0,0.167,0]},"n":["0p667_1_0p167_0","0p667_1_0p167_0p167","0p667_1_0p167_0"],"t":42,"s":[79.37,76.362,100],"e":[79.37,80.873,100]},{"i":{"x":[0.667,0.667,0.667],"y":[1,1,1]},"o":{"x":[0.167,0.167,0.167],"y":[0,0.167,0]},"n":["0p667_1_0p167_0","0p667_1_0p167_0p167","0p667_1_0p167_0"],"t":49,"s":[79.37,80.873,100],"e":[79.37,83.881,100]},{"i":{"x":[0.667,0.667,0.667],"y":[1,1,1]},"o":{"x":[0.167,0.167,0.167],"y":[0,0,0]},"n":["0p667_1_0p167_0","0p667_1_0p167_0","0p667_1_0p167_0"],"t":54,"s":[79.37,83.881,100],"e":[79.37,83.881,100]},{"i":{"x":[0.667,0.667,0.667],"y":[1,1,1]},"o":{"x":[0.167,0.167,0.167],"y":[0,0.167,0]},"n":["0p667_1_0p167_0","0p667_1_0p167_0p167","0p667_1_0p167_0"],"t":92,"s":[79.37,83.881,100],"e":[79.37,76.362,100]},{"i":{"x":[0.667,0.667,0.667],"y":[1,1,1]},"o":{"x":[0.167,0.167,0.167],"y":[0,0.167,0]},"n":["0p667_1_0p167_0","0p667_1_0p167_0p167","0p667_1_0p167_0"],"t":96,"s":[79.37,76.362,100],"e":[79.37,83.881,100]},{"i":{"x":[0.667,0.667,0.667],"y":[1,1,1]},"o":{"x":[0.167,0.167,0.167],"y":[0,0,0]},"n":["0p667_1_0p167_0","0p667_1_0p167_0","0p667_1_0p167_0"],"t":100,"s":[79.37,83.881,100],"e":[79.37,83.881,100]},{"i":{"x":[0.667,0.667,0.667],"y":[1,1,1]},"o":{"x":[0.167,0.167,0.167],"y":[0,0.167,0]},"n":["0p667_1_0p167_0","0p667_1_0p167_0p167","0p667_1_0p167_0"],"t":105,"s":[79.37,83.881,100],"e":[79.37,76.362,100]},{"i":{"x":[0.667,0.667,0.667],"y":[1,1,1]},"o":{"x":[0.167,0.167,0.167],"y":[0,0.167,0]},"n":["0p667_1_0p167_0","0p667_1_0p167_0p167","0p667_1_0p167_0"],"t":111,"s":[79.37,76.362,100],"e":[79.37,83.881,100]},{"i":{"x":[0.667,0.667,0.667],"y":[1,1,1]},"o":{"x":[0.167,0.167,0.167],"y":[0,0,0]},"n":["0p667_1_0p167_0","0p667_1_0p167_0","0p667_1_0p167_0"],"t":116,"s":[79.37,83.881,100],"e":[79.37,83.881,100]},{"i":{"x":[0.833,0.833,0.833],"y":[0.833,0.833,0.833]},"o":{"x":[0.167,0.167,0.167],"y":[0.167,0.167,0.167]},"n":["0p833_0p833_0p167_0p167","0p833_0p833_0p167_0p167","0p833_0p833_0p167_0p167"],"t":161,"s":[79.37,83.881,100],"e":[4.019,4.019,100]},{"t":168}],"ix":6}},"ao":0,"shapes":[{"ty":"gr","it":[{"ind":0,"ty":"sh","ix":1,"ks":{"a":0,"k":{"i":[[-23.75,-57.75],[0,-11],[0.5,-1.5],[1,-1.5],[0.75,-0.5],[1.5,0],[0,0],[0,4],[0,0],[-55.75,0]],"o":[[4,9.75],[0,0.75],[-0.25,1.25],[-0.5,0.75],[-0.5,0.5],[0,0],[-4.5,-0.25],[0,0],[8.5,-77.25],[42.25,0]],"v":[[116.5,13.5],[124.75,52.5],[124.25,57.5],[122.25,61.75],[120.25,63.75],[114,66.5],[-114.25,66.5],[-124.75,56.25],[-124.75,48.75],[0,-66.5]],"c":true},"ix":2},"nm":"Caminho 1","mn":"ADBE Vector Shape - Group","hd":false},{"ind":1,"ty":"sh","ix":2,"ks":{"a":0,"k":{"i":[[0.75,2.25],[39,0],[6.75,-69.75],[0,0],[0,0],[0,0],[0.25,0.75]],"o":[[-20.25,-53.5],[-50,0],[0,0],[0,0],[0,0],[0,-5.25],[-0.75,-2.75]],"v":[[106.25,20.5],[0,-54.5],[-112.75,50.25],[-112.75,54.5],[112.75,54.5],[112.75,50.25],[108.75,28.5]],"c":true},"ix":2},"nm":"Caminho 2","mn":"ADBE Vector Shape - Group","hd":false},{"ty":"mm","mm":1,"nm":"Mesclar caminhos 1","mn":"ADBE Vector Filter - Merge","hd":false},{"ty":"fl","c":{"a":0,"k":[1,1,1,1],"ix":4},"o":{"a":0,"k":100,"ix":5},"r":1,"nm":"Preenchimento 1","mn":"ADBE Vector Graphic - Fill","hd":false},{"ty":"tr","p":{"a":0,"k":[125,66.75],"ix":2},"a":{"a":0,"k":[0,0],"ix":1},"s":{"a":0,"k":[100,100],"ix":3},"r":{"a":0,"k":0,"ix":6},"o":{"a":0,"k":100,"ix":7},"sk":{"a":0,"k":0,"ix":4},"sa":{"a":0,"k":0,"ix":5},"nm":"Transformar"}],"nm":"Grupo 1","np":4,"cix":2,"ix":1,"mn":"ADBE Vector Group","hd":false}],"ip":0,"op":170,"st":32,"bm":0}]}