{"v":"5.1.7","fr":29.9700012207031,"ip":0,"op":49.0000019958109,"w":60,"h":60,"nm":"notification","ddd":0,"assets":[],"layers":[{"ddd":0,"ind":1,"ty":4,"nm":"Layer 3 Outlines","sr":1,"ks":{"o":{"a":0,"k":100,"ix":11},"r":{"a":0,"k":0,"ix":10},"p":{"a":0,"k":[25.5,13.5,0],"ix":2},"a":{"a":0,"k":[8.75,8.75,0],"ix":1},"s":{"a":1,"k":[{"i":{"x":[0.667,0.667,0.667],"y":[1,1,1]},"o":{"x":[1,1,0.333],"y":[0,0,0]},"n":["0p667_1_1_0","0p667_1_1_0","0p667_1_0p333_0"],"t":13,"s":[0,0,100],"e":[114.636,114.636,100]},{"i":{"x":[0.667,0.667,0.667],"y":[1,1,1]},"o":{"x":[0.333,0.333,0.333],"y":[0,0,0]},"n":["0p667_1_0p333_0","0p667_1_0p333_0","0p667_1_0p333_0"],"t":20,"s":[114.636,114.636,100],"e":[80,80,100]},{"i":{"x":[0.002,0.002,0.667],"y":[1,1,1]},"o":{"x":[0.333,0.333,0.333],"y":[0,0,0]},"n":["0p002_1_0p333_0","0p002_1_0p333_0","0p667_1_0p333_0"],"t":26,"s":[80,80,100],"e":[100,100,100]},{"t":33.0000013441176}],"ix":6}},"ao":0,"shapes":[{"ty":"gr","it":[{"ind":0,"ty":"sh","ix":1,"ks":{"a":0,"k":{"i":[[4.687,0],[0,-4.687],[-4.687,0],[0,4.687]],"o":[[-4.687,0],[0,4.687],[4.687,0],[0,-4.687]],"v":[[0,-8.5],[-8.5,0],[0,8.5],[8.5,0]],"c":true},"ix":2},"nm":"Path 1","mn":"ADBE Vector Shape - Group","hd":false},{"ind":1,"ty":"sh","ix":2,"ks":{"a":0,"k":{"i":[[-3.59,0],[0,-3.59],[3.59,0],[0,3.59]],"o":[[3.59,0],[0,3.59],[-3.59,0],[0,-3.59]],"v":[[0,-6.5],[6.5,0],[0,6.5],[-6.5,0]],"c":true},"ix":2},"nm":"Path 2","mn":"ADBE Vector Shape - Group","hd":false},{"ty":"mm","mm":1,"nm":"Merge Paths 1","mn":"ADBE Vector Filter - Merge","hd":false},{"ty":"fl","c":{"a":0,"k":[1,1,1,1],"ix":4},"o":{"a":0,"k":100,"ix":5},"r":1,"nm":"Fill 1","mn":"ADBE Vector Graphic - Fill","hd":false},{"ty":"tr","p":{"a":0,"k":[8.75,8.75],"ix":2},"a":{"a":0,"k":[0,0],"ix":1},"s":{"a":0,"k":[100,100],"ix":3},"r":{"a":0,"k":0,"ix":6},"o":{"a":0,"k":100,"ix":7},"sk":{"a":0,"k":0,"ix":4},"sa":{"a":0,"k":0,"ix":5},"nm":"Transform"}],"nm":"Group 1","np":4,"cix":2,"ix":1,"mn":"ADBE Vector Group","hd":false},{"ty":"gr","it":[{"ind":0,"ty":"sh","ix":1,"ks":{"a":0,"k":{"i":[[4.136,0],[0,4.136],[-4.136,0],[0,-4.136]],"o":[[-4.136,0],[0,-4.136],[4.136,0],[0,4.136]],"v":[[0,7.5],[-7.5,0],[0,-7.5],[7.5,0]],"c":true},"ix":2},"nm":"Path 1","mn":"ADBE Vector Shape - Group","hd":false},{"ty":"fl","c":{"a":0,"k":[1,0.030999998953,0.172999991623,1],"ix":4},"o":{"a":0,"k":100,"ix":5},"r":1,"nm":"Fill 1","mn":"ADBE Vector Graphic - Fill","hd":false},{"ty":"tr","p":{"a":0,"k":[8.75,8.75],"ix":2},"a":{"a":0,"k":[0,0],"ix":1},"s":{"a":0,"k":[100,100],"ix":3},"r":{"a":0,"k":0,"ix":6},"o":{"a":0,"k":100,"ix":7},"sk":{"a":0,"k":0,"ix":4},"sa":{"a":0,"k":0,"ix":5},"nm":"Transform"}],"nm":"Group 2","np":2,"cix":2,"ix":2,"mn":"ADBE Vector Group","hd":false}],"ip":13.0000005295009,"op":899.000036617021,"st":-1.00000004073083,"bm":0},{"ddd":0,"ind":2,"ty":4,"nm":"Layer 5 Outlines","parent":3,"sr":1,"ks":{"o":{"a":0,"k":100,"ix":11},"r":{"a":0,"k":0.548,"ix":10},"p":{"a":0,"k":[25.198,25.14,0],"ix":2},"a":{"a":0,"k":[19.343,19.275,0],"ix":1},"s":{"a":0,"k":[93,93,100],"ix":6}},"ao":0,"shapes":[{"ty":"gr","it":[{"ind":0,"ty":"sh","ix":1,"ks":{"a":0,"k":{"i":[[-6.334,-4.913],[0,0],[4.935,-6.331],[0,0],[0.706,-2.552],[1.029,0.798],[0,0],[-1.128,0.649],[-3.603,4.646],[0,0]],"o":[[0,0],[6.344,4.919],[0,0],[-3.621,4.669],[-0.348,1.256],[0,0],[-1.028,-0.798],[2.305,-1.327],[0,0],[4.909,-6.336]],"v":[[11.607,-14.112],[11.607,-14.112],[14.158,6.274],[13.903,6.591],[7.829,17.271],[4.948,18.227],[-18.065,0.38],[-17.859,-2.647],[-9.021,-11.186],[-8.754,-11.533]],"c":true},"ix":2},"nm":"Path 1","mn":"ADBE Vector Shape - Group","hd":false},{"ty":"fl","c":{"a":0,"k":[1,1,1,1],"ix":4},"o":{"a":0,"k":100,"ix":5},"r":1,"nm":"Fill 1","mn":"ADBE Vector Graphic - Fill","hd":false},{"ty":"tr","p":{"a":0,"k":[19.343,19.275],"ix":2},"a":{"a":0,"k":[0,0],"ix":1},"s":{"a":0,"k":[100,100],"ix":3},"r":{"a":0,"k":0,"ix":6},"o":{"a":0,"k":100,"ix":7},"sk":{"a":0,"k":0,"ix":4},"sa":{"a":0,"k":0,"ix":5},"nm":"Transform"}],"nm":"Group 1","np":2,"cix":2,"ix":1,"mn":"ADBE Vector Group","hd":false}],"ip":0,"op":900.000036657751,"st":0,"bm":0},{"ddd":0,"ind":3,"ty":4,"nm":"Layer 1 Outlines","sr":1,"ks":{"o":{"a":0,"k":100,"ix":11},"r":{"a":1,"k":[{"i":{"x":[0.667],"y":[1]},"o":{"x":[1],"y":[0]},"n":["0p667_1_1_0"],"t":0,"s":[0],"e":[10]},{"i":{"x":[0.667],"y":[1]},"o":{"x":[0.333],"y":[0]},"n":["0p667_1_0p333_0"],"t":5,"s":[10],"e":[-15.294]},{"i":{"x":[0.269],"y":[0.871]},"o":{"x":[0.535],"y":[0]},"n":["0p269_0p871_0p535_0"],"t":10,"s":[-15.294],"e":[8.584]},{"i":{"x":[0.528],"y":[1]},"o":{"x":[0.215],"y":[-0.127]},"n":["0p528_1_0p215_-0p127"],"t":15,"s":[8.584],"e":[0]},{"t":21.0000008553475}],"ix":10},"p":{"a":0,"k":[44.134,14.619,0],"ix":2},"a":{"a":0,"k":[39.343,10.025,0],"ix":1},"s":{"a":0,"k":[100,100,100],"ix":6}},"ao":0,"shapes":[{"ty":"gr","it":[{"ind":0,"ty":"sh","ix":1,"ks":{"a":0,"k":{"i":[[0,0],[-1.47,-1.265],[1.265,-1.47]],"o":[[1.265,-1.47],[1.47,1.266],[0,0]],"v":[[-3.294,-1.473],[1.659,-1.844],[2.029,3.109]],"c":false},"ix":2},"nm":"Path 1","mn":"ADBE Vector Shape - Group","hd":false},{"ty":"st","c":{"a":0,"k":[0.008000000785,0.008000000785,0.008000000785,1],"ix":3},"o":{"a":0,"k":100,"ix":4},"w":{"a":0,"k":2.5,"ix":5},"lc":2,"lj":2,"nm":"Stroke 1","mn":"ADBE Vector Graphic - Stroke","hd":false},{"ty":"tr","p":{"a":0,"k":[38.823,10.902],"ix":2},"a":{"a":0,"k":[0,0],"ix":1},"s":{"a":0,"k":[100,100],"ix":3},"r":{"a":0,"k":0,"ix":6},"o":{"a":0,"k":100,"ix":7},"sk":{"a":0,"k":0,"ix":4},"sa":{"a":0,"k":0,"ix":5},"nm":"Transform"}],"nm":"Group 1","np":2,"cix":2,"ix":1,"mn":"ADBE Vector Group","hd":false},{"ty":"gr","it":[{"ind":0,"ty":"sh","ix":1,"ks":{"a":0,"k":{"i":[[-6.334,-4.913],[0,0],[4.935,-6.331],[0,0],[0.706,-2.552],[1.029,0.798],[0,0],[-1.128,0.649],[-3.603,4.646],[0,0]],"o":[[0,0],[6.344,4.919],[0,0],[-3.621,4.669],[-0.348,1.256],[0,0],[-1.028,-0.798],[2.305,-1.327],[0,0],[4.909,-6.336]],"v":[[11.607,-14.112],[11.607,-14.112],[14.158,6.274],[13.903,6.591],[7.829,17.271],[4.948,18.227],[-18.065,0.38],[-17.859,-2.647],[-9.021,-11.186],[-8.754,-11.533]],"c":true},"ix":2},"nm":"Path 1","mn":"ADBE Vector Shape - Group","hd":false},{"ty":"st","c":{"a":0,"k":[0.008000000785,0.008000000785,0.008000000785,1],"ix":3},"o":{"a":0,"k":100,"ix":4},"w":{"a":0,"k":2.5,"ix":5},"lc":2,"lj":2,"nm":"Stroke 2","mn":"ADBE Vector Graphic - Stroke","hd":false},{"ty":"st","c":{"a":0,"k":[0.008000000785,0.008000000785,0.008000000785,1],"ix":3},"o":{"a":0,"k":100,"ix":4},"w":{"a":0,"k":2.5,"ix":5},"lc":2,"lj":2,"nm":"Stroke 1","mn":"ADBE Vector Graphic - Stroke","hd":false},{"ty":"tr","p":{"a":0,"k":[25.343,25.275],"ix":2},"a":{"a":0,"k":[0,0],"ix":1},"s":{"a":0,"k":[100,100],"ix":3},"r":{"a":0,"k":0,"ix":6},"o":{"a":0,"k":100,"ix":7},"sk":{"a":0,"k":0,"ix":4},"sa":{"a":0,"k":0,"ix":5},"nm":"Transform"}],"nm":"Group 2","np":3,"cix":2,"ix":2,"mn":"ADBE Vector Group","hd":false}],"ip":0,"op":900.000036657751,"st":0,"bm":0},{"ddd":0,"ind":4,"ty":4,"nm":"Layer 4 Outlines","sr":1,"ks":{"o":{"a":0,"k":100,"ix":11},"r":{"a":1,"k":[{"i":{"x":[0.667],"y":[1]},"o":{"x":[0.96],"y":[0]},"n":["0p667_1_0p96_0"],"t":0,"s":[0],"e":[4]},{"i":{"x":[0.302],"y":[1]},"o":{"x":[0.333],"y":[0]},"n":["0p302_1_0p333_0"],"t":5,"s":[4],"e":[-21]},{"i":{"x":[0.667],"y":[1]},"o":{"x":[0.837],"y":[0]},"n":["0p667_1_0p837_0"],"t":10,"s":[-21],"e":[15]},{"i":{"x":[0.667],"y":[1]},"o":{"x":[0.333],"y":[0]},"n":["0p667_1_0p333_0"],"t":15,"s":[15],"e":[-10]},{"i":{"x":[0],"y":[1]},"o":{"x":[0.485],"y":[0]},"n":["0_1_0p485_0"],"t":21,"s":[-10],"e":[0]},{"t":29.0000011811942}],"ix":10},"p":{"a":0,"k":[44.696,15.344,0],"ix":2},"a":{"a":0,"k":[32.5,-14.25,0],"ix":1},"s":{"a":0,"k":[100,100,100],"ix":6}},"ao":0,"shapes":[{"ty":"gr","it":[{"ind":0,"ty":"sh","ix":1,"ks":{"a":0,"k":{"i":[[0,-3.313],[3.313,0],[0,3.313],[-3.313,0]],"o":[[0,3.313],[-3.313,0],[0,-3.313],[3.313,0]],"v":[[6,0],[0,6],[-6,0],[0,-6]],"c":true},"ix":2},"nm":"Path 1","mn":"ADBE Vector Shape - Group","hd":false},{"ty":"st","c":{"a":0,"k":[0.008000000785,0.008000000785,0.008000000785,1],"ix":3},"o":{"a":0,"k":100,"ix":4},"w":{"a":0,"k":2.5,"ix":5},"lc":2,"lj":2,"nm":"Stroke 1","mn":"ADBE Vector Graphic - Stroke","hd":false},{"ty":"tr","p":{"a":0,"k":[12.25,12.25],"ix":2},"a":{"a":0,"k":[0,0],"ix":1},"s":{"a":0,"k":[100,100],"ix":3},"r":{"a":0,"k":0,"ix":6},"o":{"a":0,"k":100,"ix":7},"sk":{"a":0,"k":0,"ix":4},"sa":{"a":0,"k":0,"ix":5},"nm":"Transform"}],"nm":"Group 1","np":2,"cix":2,"ix":1,"mn":"ADBE Vector Group","hd":false}],"ip":0,"op":900.000036657751,"st":0,"bm":0}],"markers":[]}